[
  {
    "input": "10cc",
    "title": "10cc",
    "file": "10cc.txt",
    "status": "skipped-existing",
    "label": "10cc",
    "display": "10cc"
  },
  {
    "input": "10 Years (band)",
    "title": "10_Years_(band)",
    "file": "10_Years_(band).txt",
    "status": "skipped-existing",
    "label": "10 Years",
    "display": "10 Years"
  },
  {
    "input": "3 Doors Down",
    "title": "3_Doors_Down",
    "file": "3_Doors_Down.txt",
    "status": "skipped-existing",
    "label": "3 Doors Down",
    "display": "3 Doors Down"
  },
  {
    "input": "311 (band)",
    "title": "311_(band)",
    "file": "311_(band).txt",
    "status": "skipped-existing",
    "label": "311",
    "display": "311"
  },
  {
    "input": "38 Special (band)",
    "title": "38_Special_(band)",
    "file": "38_Special_(band).txt",
    "status": "skipped-existing",
    "label": ".38 Special",
    "display": ".38 Special"
  },
  {
    "input": "ABBA",
    "title": "ABBA",
    "file": "ABBA.txt",
    "status": "skipped-existing",
    "label": "ABBA",
    "display": "ABBA"
  },
  {
    "input": "Accept (band)",
    "title": "Accept_(band)",
    "file": "Accept_(band).txt",
    "status": "skipped-existing",
    "label": "Accept",
    "display": "Accept"
  },
  {
    "input": "AC/DC",
    "title": "AC/DC",
    "file": "AC_DC.txt",
    "status": "skipped-existing",
    "label": "AC/DC",
    "display": "AC/DC"
  },
  {
    "input": "Bryan Adams",
    "title": "Bryan_Adams",
    "file": "Bryan_Adams.txt",
    "status": "skipped-existing",
    "label": "Bryan Adams",
    "display": "Bryan Adams"
  },
  {
    "input": "Aerosmith",
    "title": "Aerosmith",
    "file": "Aerosmith.txt",
    "status": "skipped-existing",
    "label": "Aerosmith",
    "display": "Aerosmith"
  },
  {
    "input": "AFI (band)",
    "title": "AFI_(band)",
    "file": "AFI_(band).txt",
    "status": "skipped-existing",
    "label": "AFI",
    "display": "AFI"
  },
  {
    "input": "Air Supply",
    "title": "Air_Supply",
    "file": "Air_Supply.txt",
    "status": "skipped-existing",
    "label": "Air Supply",
    "display": "Air Supply"
  },
  {
    "input": "The Alan Parsons Project",
    "title": "The_Alan_Parsons_Project",
    "file": "The_Alan_Parsons_Project.txt",
    "status": "skipped-existing",
    "label": "The Alan Parsons Project",
    "display": "The Alan Parsons Project"
  },
  {
    "input": "Alice in Chains",
    "title": "Alice_in_Chains",
    "file": "Alice_in_Chains.txt",
    "status": "skipped-existing",
    "label": "Alice in Chains",
    "display": "Alice in Chains"
  },
  {
    "input": "The All-American Rejects",
    "title": "The_All-American_Rejects",
    "file": "The_All-American_Rejects.txt",
    "status": "skipped-existing",
    "label": "The All-American Rejects",
    "display": "The All-American Rejects"
  },
  {
    "input": "The Allman Brothers Band",
    "title": "The_Allman_Brothers_Band",
    "file": "The_Allman_Brothers_Band.txt",
    "status": "skipped-existing",
    "label": "The Allman Brothers Band",
    "display": "The Allman Brothers Band"
  },
  {
    "input": "Alter Bridge",
    "title": "Alter_Bridge",
    "file": "Alter_Bridge.txt",
    "status": "skipped-existing",
    "label": "Alter Bridge",
    "display": "Alter Bridge"
  },
  {
    "input": "Ambrosia (band)",
    "title": "Ambrosia_(band)",
    "file": "Ambrosia_(band).txt",
    "status": "skipped-existing",
    "label": "Ambrosia",
    "display": "Ambrosia"
  },
  {
    "input": "America (band)",
    "title": "America_(band)",
    "file": "America_(band).txt",
    "status": "skipped-existing",
    "label": "America",
    "display": "America"
  },
  {
    "input": "The Animals",
    "title": "The_Animals",
    "file": "The_Animals.txt",
    "status": "skipped-existing",
    "label": "The Animals",
    "display": "The Animals"
  },
  {
    "input": "Adam Ant",
    "title": "Adam_Ant",
    "file": "Adam_Ant.txt",
    "status": "skipped-existing",
    "label": "Adam Ant",
    "display": "Adam Ant"
  },
  {
    "input": "Anthrax (American band)",
    "title": "Anthrax_(American_band)",
    "file": "Anthrax_(American_band).txt",
    "status": "skipped-existing",
    "label": "Anthrax",
    "display": "Anthrax"
  },
  {
    "input": "April Wine",
    "title": "April_Wine",
    "file": "April_Wine.txt",
    "status": "skipped-existing",
    "label": "April Wine",
    "display": "April Wine"
  },
  {
    "input": "Arcade Fire",
    "title": "Arcade_Fire",
    "file": "Arcade_Fire.txt",
    "status": "skipped-existing",
    "label": "Arcade Fire",
    "display": "Arcade Fire"
  },
  {
    "input": "Arctic Monkeys",
    "title": "Arctic_Monkeys",
    "file": "Arctic_Monkeys.txt",
    "status": "skipped-existing",
    "label": "Arctic Monkeys",
    "display": "Arctic Monkeys"
  },
  {
    "input": "Asia (band)",
    "title": "Asia_(band)",
    "file": "Asia_(band).txt",
    "status": "skipped-existing",
    "label": "Asia",
    "display": "Asia"
  },
  {
    "input": "Audioslave",
    "title": "Audioslave",
    "file": "Audioslave.txt",
    "status": "skipped-existing",
    "label": "Audioslave",
    "display": "Audioslave"
  },
  {
    "input": "Avenged Sevenfold",
    "title": "Avenged_Sevenfold",
    "file": "Avenged_Sevenfold.txt",
    "status": "skipped-existing",
    "label": "Avenged Sevenfold",
    "display": "Avenged Sevenfold"
  },
  {
    "input": "Awolnation",
    "title": "Awolnation",
    "file": "Awolnation.txt",
    "status": "skipped-existing",
    "label": "Awolnation",
    "display": "Awolnation"
  },
  {
    "input": "The B-52's",
    "title": "The_B-52's",
    "file": "The_B-52's.txt",
    "status": "skipped-existing",
    "label": "The B-52s",
    "display": "The B-52s"
  },
  {
    "input": "Bachman–Turner Overdrive",
    "title": "Bachman–Turner_Overdrive",
    "file": "Bachman_Turner_Overdrive.txt",
    "status": "skipped-existing",
    "label": "Bachman–Turner Overdrive",
    "display": "Bachman–Turner Overdrive"
  },
  {
    "input": "Bad Company",
    "title": "Bad_Company",
    "file": "Bad_Company.txt",
    "status": "skipped-existing",
    "label": "Bad Company",
    "display": "Bad Company"
  },
  {
    "input": "Badfinger",
    "title": "Badfinger",
    "file": "Badfinger.txt",
    "status": "skipped-existing",
    "label": "Badfinger",
    "display": "Badfinger"
  },
  {
    "input": "The Band",
    "title": "The_Band",
    "file": "The_Band.txt",
    "status": "skipped-existing",
    "label": "The Band",
    "display": "The Band"
  },
  {
    "input": "The Bangles",
    "title": "The_Bangles",
    "file": "The_Bangles.txt",
    "status": "skipped-existing",
    "label": "The Bangles",
    "display": "The Bangles"
  },
  {
    "input": "Barenaked Ladies",
    "title": "Barenaked_Ladies",
    "file": "Barenaked_Ladies.txt",
    "status": "skipped-existing",
    "label": "Barenaked Ladies",
    "display": "Barenaked Ladies"
  },
  {
    "input": "Bay City Rollers",
    "title": "Bay_City_Rollers",
    "file": "Bay_City_Rollers.txt",
    "status": "skipped-existing",
    "label": "Bay City Rollers",
    "display": "Bay City Rollers"
  },
  {
    "input": "The Beach Boys",
    "title": "The_Beach_Boys",
    "file": "The_Beach_Boys.txt",
    "status": "skipped-existing",
    "label": "The Beach Boys",
    "display": "The Beach Boys"
  },
  {
    "input": "Beastie Boys",
    "title": "Beastie_Boys",
    "file": "Beastie_Boys.txt",
    "status": "skipped-existing",
    "label": "Beastie Boys",
    "display": "Beastie Boys"
  },
  {
    "input": "The Beatles",
    "title": "The_Beatles",
    "file": "The_Beatles.txt",
    "status": "skipped-existing",
    "label": "The Beatles",
    "display": "The Beatles"
  },
  {
    "input": "Bee Gees",
    "title": "Bee_Gees",
    "file": "Bee_Gees.txt",
    "status": "skipped-existing",
    "label": "Bee Gees",
    "display": "Bee Gees"
  },
  {
    "input": "Beck",
    "title": "Beck",
    "file": "Beck.txt",
    "status": "skipped-existing",
    "label": "Beck",
    "display": "Beck"
  },
  {
    "input": "Ben Folds Five",
    "title": "Ben_Folds_Five",
    "file": "Ben_Folds_Five.txt",
    "status": "skipped-existing",
    "label": "Ben Folds Five",
    "display": "Ben Folds Five"
  },
  {
    "input": "Pat Benatar",
    "title": "Pat_Benatar",
    "file": "Pat_Benatar.txt",
    "status": "skipped-existing",
    "label": "Pat Benatar",
    "display": "Pat Benatar"
  },
  {
    "input": "Chuck Berry",
    "title": "Chuck_Berry",
    "file": "Chuck_Berry.txt",
    "status": "skipped-existing",
    "label": "Chuck Berry",
    "display": "Chuck Berry"
  },
  {
    "input": "The Big Bopper",
    "title": "The_Big_Bopper",
    "file": "The_Big_Bopper.txt",
    "status": "skipped-existing",
    "label": "The Big Bopper",
    "display": "The Big Bopper"
  },
  {
    "input": "Billy Talent",
    "title": "Billy_Talent",
    "file": "Billy_Talent.txt",
    "status": "skipped-existing",
    "label": "Billy Talent",
    "display": "Billy Talent"
  },
  {
    "input": "The Black Crowes",
    "title": "The_Black_Crowes",
    "file": "The_Black_Crowes.txt",
    "status": "skipped-existing",
    "label": "The Black Crowes",
    "display": "The Black Crowes"
  },
  {
    "input": "The Black Keys",
    "title": "The_Black_Keys",
    "file": "The_Black_Keys.txt",
    "status": "skipped-existing",
    "label": "The Black Keys",
    "display": "The Black Keys"
  },
  {
    "input": "Black Sabbath",
    "title": "Black_Sabbath",
    "file": "Black_Sabbath.txt",
    "status": "skipped-existing",
    "label": "Black Sabbath",
    "display": "Black Sabbath"
  },
  {
    "input": "Black Stone Cherry",
    "title": "Black_Stone_Cherry",
    "file": "Black_Stone_Cherry.txt",
    "status": "skipped-existing",
    "label": "Black Stone Cherry",
    "display": "Black Stone Cherry"
  },
  {
    "input": "Black Veil Brides",
    "title": "Black_Veil_Brides",
    "file": "Black_Veil_Brides.txt",
    "status": "skipped-existing",
    "label": "Black Veil Brides",
    "display": "Black Veil Brides"
  },
  {
    "input": "Blink-182",
    "title": "Blink-182",
    "file": "Blink-182.txt",
    "status": "skipped-existing",
    "label": "Blink-182",
    "display": "Blink-182"
  },
  {
    "input": "Blondie (band)",
    "title": "Blondie_(band)",
    "file": "Blondie_(band).txt",
    "status": "skipped-existing",
    "label": "Blondie",
    "display": "Blondie (band)"
  },
  {
    "input": "Bloodhound Gang",
    "title": "Bloodhound_Gang",
    "file": "Bloodhound_Gang.txt",
    "status": "skipped-existing",
    "label": "Bloodhound Gang",
    "display": "Bloodhound Gang"
  },
  {
    "input": "Blue October",
    "title": "Blue_October",
    "file": "Blue_October.txt",
    "status": "skipped-existing",
    "label": "Blue October",
    "display": "Blue October"
  },
  {
    "input": "Blue Öyster Cult",
    "title": "Blue_Öyster_Cult",
    "file": "Blue_Öyster_Cult.txt",
    "status": "skipped-existing",
    "label": "Blue Öyster Cult",
    "display": "Blue Öyster Cult"
  },
  {
    "input": "Blues Traveler",
    "title": "Blues_Traveler",
    "file": "Blues_Traveler.txt",
    "status": "skipped-existing",
    "label": "Blues Traveler",
    "display": "Blues Traveler"
  },
  {
    "input": "James Blunt",
    "title": "James_Blunt",
    "file": "James_Blunt.txt",
    "status": "skipped-existing",
    "label": "James Blunt",
    "display": "James Blunt"
  },
  {
    "input": "Blur (band)",
    "title": "Blur_(band)",
    "file": "Blur_(band).txt",
    "status": "skipped-existing",
    "label": "Blur",
    "display": "Blur"
  },
  {
    "input": "Bon Jovi",
    "title": "Bon_Jovi",
    "file": "Bon_Jovi.txt",
    "status": "skipped-existing",
    "label": "Bon Jovi",
    "display": "Bon Jovi"
  },
  {
    "input": "Boston (band)",
    "title": "Boston_(band)",
    "file": "Boston_(band).txt",
    "status": "skipped-existing",
    "label": "Boston",
    "display": "Boston"
  },
  {
    "input": "David Bowie",
    "title": "David_Bowie",
    "file": "David_Bowie.txt",
    "status": "skipped-existing",
    "label": "David Bowie",
    "display": "David Bowie"
  },
  {
    "input": "Bowling for Soup",
    "title": "Bowling_for_Soup",
    "file": "Bowling_for_Soup.txt",
    "status": "skipped-existing",
    "label": "Bowling for Soup",
    "display": "Bowling for Soup"
  },
  {
    "input": "The Boxtones",
    "title": "The_Boxtones",
    "file": "The_Boxtones.txt",
    "status": "skipped-existing",
    "label": "The Boxtones",
    "display": "The Boxtones"
  },
  {
    "input": "Boys Like Girls",
    "title": "Boys_Like_Girls",
    "file": "Boys_Like_Girls.txt",
    "status": "skipped-existing",
    "label": "Boys Like Girls",
    "display": "Boys Like Girls"
  },
  {
    "input": "Bread (band)",
    "title": "Bread_(band)",
    "file": "Bread_(band).txt",
    "status": "skipped-existing",
    "label": "Bread",
    "display": "Bread"
  },
  {
    "input": "Breaking Benjamin",
    "title": "Breaking_Benjamin",
    "file": "Breaking_Benjamin.txt",
    "status": "skipped-existing",
    "label": "Breaking Benjamin",
    "display": "Breaking Benjamin"
  },
  {
    "input": "Bring Me the Horizon",
    "title": "Bring_Me_the_Horizon",
    "file": "Bring_Me_the_Horizon.txt",
    "status": "skipped-existing",
    "label": "Bring Me the Horizon",
    "display": "Bring Me the Horizon"
  },
  {
    "input": "Jackson Browne",
    "title": "Jackson_Browne",
    "file": "Jackson_Browne.txt",
    "status": "skipped-existing",
    "label": "Jackson Browne",
    "display": "Jackson Browne"
  },
  {
    "input": "Buckcherry",
    "title": "Buckcherry",
    "file": "Buckcherry.txt",
    "status": "skipped-existing",
    "label": "Buckcherry",
    "display": "Buckcherry"
  },
  {
    "input": "Jeff Buckley",
    "title": "Jeff_Buckley",
    "file": "Jeff_Buckley.txt",
    "status": "skipped-existing",
    "label": "Jeff Buckley",
    "display": "Jeff Buckley"
  },
  {
    "input": "Bullet for My Valentine",
    "title": "Bullet_for_My_Valentine",
    "file": "Bullet_for_My_Valentine.txt",
    "status": "skipped-existing",
    "label": "Bullet for My Valentine",
    "display": "Bullet for My Valentine"
  },
  {
    "input": "Chris de Burgh",
    "title": "Chris_de_Burgh",
    "file": "Chris_de_Burgh.txt",
    "status": "skipped-existing",
    "label": "Chris de Burgh",
    "display": "Chris de Burgh"
  },
  {
    "input": "Bush (British band)",
    "title": "Bush_(British_band)",
    "file": "Bush_(British_band).txt",
    "status": "skipped-existing",
    "label": "Bush",
    "display": "Bush"
  },
  {
    "input": "The Byrds",
    "title": "The_Byrds",
    "file": "The_Byrds.txt",
    "status": "skipped-existing",
    "label": "The Byrds",
    "display": "The Byrds"
  },
  {
    "input": "Cage the Elephant",
    "title": "Cage_the_Elephant",
    "file": "Cage_the_Elephant.txt",
    "status": "skipped-existing",
    "label": "Cage the Elephant",
    "display": "Cage the Elephant"
  },
  {
    "input": "Cake (band)",
    "title": "Cake_(band)",
    "file": "Cake_(band).txt",
    "status": "skipped-existing",
    "label": "Cake",
    "display": "Cake"
  },
  {
    "input": "Canned Heat",
    "title": "Canned_Heat",
    "file": "Canned_Heat.txt",
    "status": "skipped-existing",
    "label": "Canned Heat",
    "display": "Canned Heat"
  },
  {
    "input": "The Cab",
    "title": "The_Cab",
    "file": "The_Cab.txt",
    "status": "skipped-existing",
    "label": "The Cab",
    "display": "The Cab"
  },
  {
    "input": "The Cardigans",
    "title": "The_Cardigans",
    "file": "The_Cardigans.txt",
    "status": "skipped-existing",
    "label": "The Cardigans",
    "display": "The Cardigans"
  },
  {
    "input": "The Cars",
    "title": "The_Cars",
    "file": "The_Cars.txt",
    "status": "skipped-existing",
    "label": "The Cars",
    "display": "The Cars"
  },
  {
    "input": "Catfish and the Bottlemen",
    "title": "Catfish_and_the_Bottlemen",
    "file": "Catfish_and_the_Bottlemen.txt",
    "status": "skipped-existing",
    "label": "Catfish and the Bottlemen",
    "display": "Catfish and the Bottlemen"
  },
  {
    "input": "Harry Chapin",
    "title": "Harry_Chapin",
    "file": "Harry_Chapin.txt",
    "status": "skipped-existing",
    "label": "Harry Chapin",
    "display": "Harry Chapin"
  },
  {
    "input": "Tracy Chapman",
    "title": "Tracy_Chapman",
    "file": "Tracy_Chapman.txt",
    "status": "skipped-existing",
    "label": "Tracy Chapman",
    "display": "Tracy Chapman"
  },
  {
    "input": "Cheap Trick",
    "title": "Cheap_Trick",
    "file": "Cheap_Trick.txt",
    "status": "skipped-existing",
    "label": "Cheap Trick",
    "display": "Cheap Trick"
  },
  {
    "input": "Chevelle (band)",
    "title": "Chevelle_(band)",
    "file": "Chevelle_(band).txt",
    "status": "skipped-existing",
    "label": "Chevelle",
    "display": "Chevelle"
  },
  {
    "input": "Chicago (band)",
    "title": "Chicago_(band)",
    "file": "Chicago_(band).txt",
    "status": "skipped-existing",
    "label": "Chicago",
    "display": "Chicago"
  },
  {
    "input": "Chubby Checker",
    "title": "Chubby_Checker",
    "file": "Chubby_Checker.txt",
    "status": "skipped-existing",
    "label": "Chubby Checker",
    "display": "Chubby Checker"
  },
  {
    "input": "Cinderella (band)",
    "title": "Cinderella_(band)",
    "file": "Cinderella_(band).txt",
    "status": "skipped-existing",
    "label": "Cinderella",
    "display": "Cinderella"
  },
  {
    "input": "Dallas Green (musician)",
    "title": "Dallas_Green_(musician)",
    "file": "Dallas_Green_(musician).txt",
    "status": "skipped-existing",
    "label": "City and Colour",
    "display": "City and Colour"
  },
  {
    "input": "Eric Clapton",
    "title": "Eric_Clapton",
    "file": "Eric_Clapton.txt",
    "status": "skipped-existing",
    "label": "Eric Clapton",
    "display": "Eric Clapton"
  },
  {
    "input": "The Clash",
    "title": "The_Clash",
    "file": "The_Clash.txt",
    "status": "skipped-existing",
    "label": "The Clash",
    "display": "The Clash"
  },
  {
    "input": "Eddie Cochran",
    "title": "Eddie_Cochran",
    "file": "Eddie_Cochran.txt",
    "status": "skipped-existing",
    "label": "Eddie Cochran",
    "display": "Eddie Cochran"
  },
  {
    "input": "Joe Cocker",
    "title": "Joe_Cocker",
    "file": "Joe_Cocker.txt",
    "status": "skipped-existing",
    "label": "Joe Cocker",
    "display": "Joe Cocker"
  },
  {
    "input": "Coheed and Cambria",
    "title": "Coheed_and_Cambria",
    "file": "Coheed_and_Cambria.txt",
    "status": "skipped-existing",
    "label": "Coheed and Cambria",
    "display": "Coheed and Cambria"
  },
  {
    "input": "Cold Chisel",
    "title": "Cold_Chisel",
    "file": "Cold_Chisel.txt",
    "status": "skipped-existing",
    "label": "Cold Chisel",
    "display": "Cold Chisel"
  },
  {
    "input": "Coldplay",
    "title": "Coldplay",
    "file": "Coldplay.txt",
    "status": "skipped-existing",
    "label": "Coldplay",
    "display": "Coldplay"
  },
  {
    "input": "Collective Soul",
    "title": "Collective_Soul",
    "file": "Collective_Soul.txt",
    "status": "skipped-existing",
    "label": "Collective Soul",
    "display": "Collective Soul"
  },
  {
    "input": "Phil Collins",
    "title": "Phil_Collins",
    "file": "Phil_Collins.txt",
    "status": "skipped-existing",
    "label": "Phil Collins",
    "display": "Phil Collins"
  },
  {
    "input": "Alice Cooper",
    "title": "Alice_Cooper",
    "file": "Alice_Cooper.txt",
    "status": "skipped-existing",
    "label": "Alice Cooper",
    "display": "Alice Cooper"
  },
  {
    "input": "Alice Cooper (band)",
    "title": "Alice_Cooper_(band)",
    "file": "Alice_Cooper_(band).txt",
    "status": "skipped-existing",
    "label": "Alice Cooper",
    "display": "Alice Cooper (band)"
  },
  {
    "input": "Chris Cornell",
    "title": "Chris_Cornell",
    "file": "Chris_Cornell.txt",
    "status": "skipped-existing",
    "label": "Chris Cornell",
    "display": "Chris Cornell"
  },
  {
    "input": "Elvis Costello",
    "title": "Elvis_Costello",
    "file": "Elvis_Costello.txt",
    "status": "skipped-existing",
    "label": "Elvis Costello",
    "display": "Elvis Costello"
  },
  {
    "input": "Counting Crows",
    "title": "Counting_Crows",
    "file": "Counting_Crows.txt",
    "status": "skipped-existing",
    "label": "Counting Crows",
    "display": "Counting Crows"
  },
  {
    "input": "The Cranberries",
    "title": "The_Cranberries",
    "file": "The_Cranberries.txt",
    "status": "skipped-existing",
    "label": "The Cranberries",
    "display": "The Cranberries"
  },
  {
    "input": "Crash Test Dummies",
    "title": "Crash_Test_Dummies",
    "file": "Crash_Test_Dummies.txt",
    "status": "skipped-existing",
    "label": "Crash Test Dummies",
    "display": "Crash Test Dummies"
  },
  {
    "input": "Cream (band)",
    "title": "Cream_(band)",
    "file": "Cream_(band).txt",
    "status": "skipped-existing",
    "label": "Cream",
    "display": "Cream"
  },
  {
    "input": "Creed (band)",
    "title": "Creed_(band)",
    "file": "Creed_(band).txt",
    "status": "skipped-existing",
    "label": "Creed",
    "display": "Creed"
  },
  {
    "input": "Creedence Clearwater Revival",
    "title": "Creedence_Clearwater_Revival",
    "file": "Creedence_Clearwater_Revival.txt",
    "status": "skipped-existing",
    "label": "Creedence Clearwater Revival",
    "display": "Creedence Clearwater Revival"
  },
  {
    "input": "Jim Croce",
    "title": "Jim_Croce",
    "file": "Jim_Croce.txt",
    "status": "skipped-existing",
    "label": "Jim Croce",
    "display": "Jim Croce"
  },
  {
    "input": "Crosby, Stills, Nash & Young",
    "title": "Crosby,_Stills,_Nash_&_Young",
    "file": "Crosby__Stills__Nash_&_Young.txt",
    "status": "skipped-existing",
    "label": "Crosby, Stills, Nash & Young",
    "display": "Crosby, Stills, Nash & Young"
  },
  {
    "input": "Christopher Cross",
    "title": "Christopher_Cross",
    "file": "Christopher_Cross.txt",
    "status": "skipped-existing",
    "label": "Christopher Cross",
    "display": "Christopher Cross"
  },
  {
    "input": "Sheryl Crow",
    "title": "Sheryl_Crow",
    "file": "Sheryl_Crow.txt",
    "status": "skipped-existing",
    "label": "Sheryl Crow",
    "display": "Sheryl Crow"
  },
  {
    "input": "Crowded House",
    "title": "Crowded_House",
    "file": "Crowded_House.txt",
    "status": "skipped-existing",
    "label": "Crowded House",
    "display": "Crowded House"
  },
  {
    "input": "The Cult",
    "title": "The_Cult",
    "file": "The_Cult.txt",
    "status": "skipped-existing",
    "label": "The Cult",
    "display": "The Cult"
  },
  {
    "input": "The Cure",
    "title": "The_Cure",
    "file": "The_Cure.txt",
    "status": "skipped-existing",
    "label": "The Cure",
    "display": "The Cure"
  },
  {
    "input": "Damn Yankees (band)",
    "title": "Damn_Yankees_(band)",
    "file": "Damn_Yankees_(band).txt",
    "status": "skipped-existing",
    "label": "Damn Yankees",
    "display": "Damn Yankees"
  },
  {
    "input": "Charlie Daniels",
    "title": "Charlie_Daniels",
    "file": "Charlie_Daniels.txt",
    "status": "skipped-existing",
    "label": "Charlie Daniels",
    "display": "Charlie Daniels"
  },
  {
    "input": "Dashboard Confessional",
    "title": "Dashboard_Confessional",
    "file": "Dashboard_Confessional.txt",
    "status": "skipped-existing",
    "label": "Dashboard Confessional",
    "display": "Dashboard Confessional"
  },
  {
    "input": "Daughtry (band)",
    "title": "Daughtry_(band)",
    "file": "Daughtry_(band).txt",
    "status": "skipped-existing",
    "label": "Daughtry",
    "display": "Daughtry"
  },
  {
    "input": "The Dave Clark Five",
    "title": "The_Dave_Clark_Five",
    "file": "The_Dave_Clark_Five.txt",
    "status": "skipped-existing",
    "label": "The Dave Clark Five",
    "display": "The Dave Clark Five"
  },
  {
    "input": "Dave Matthews Band",
    "title": "Dave_Matthews_Band",
    "file": "Dave_Matthews_Band.txt",
    "status": "skipped-existing",
    "label": "Dave Matthews Band",
    "display": "Dave Matthews Band"
  },
  {
    "input": "Days of the New",
    "title": "Days_of_the_New",
    "file": "Days_of_the_New.txt",
    "status": "skipped-existing",
    "label": "Days of the New",
    "display": "Days of the New"
  },
  {
    "input": "Death Cab for Cutie",
    "title": "Death_Cab_for_Cutie",
    "file": "Death_Cab_for_Cutie.txt",
    "status": "skipped-existing",
    "label": "Death Cab for Cutie",
    "display": "Death Cab for Cutie"
  },
  {
    "input": "Deep Purple",
    "title": "Deep_Purple",
    "file": "Deep_Purple.txt",
    "status": "skipped-existing",
    "label": "Deep Purple",
    "display": "Deep Purple"
  },
  {
    "input": "Def Leppard",
    "title": "Def_Leppard",
    "file": "Def_Leppard.txt",
    "status": "skipped-existing",
    "label": "Def Leppard",
    "display": "Def Leppard"
  },
  {
    "input": "Deftones",
    "title": "Deftones",
    "file": "Deftones.txt",
    "status": "skipped-existing",
    "label": "Deftones",
    "display": "Deftones"
  },
  {
    "input": "Depeche Mode",
    "title": "Depeche_Mode",
    "file": "Depeche_Mode.txt",
    "status": "skipped-existing",
    "label": "Depeche Mode",
    "display": "Depeche Mode"
  },
  {
    "input": "Bo Diddley",
    "title": "Bo_Diddley",
    "file": "Bo_Diddley.txt",
    "status": "skipped-existing",
    "label": "Bo Diddley",
    "display": "Bo Diddley"
  },
  {
    "input": "Dio (band)",
    "title": "Dio_(band)",
    "file": "Dio_(band).txt",
    "status": "skipped-existing",
    "label": "Dio",
    "display": "Dio"
  },
  {
    "input": "Dire Straits",
    "title": "Dire_Straits",
    "file": "Dire_Straits.txt",
    "status": "skipped-existing",
    "label": "Dire Straits",
    "display": "Dire Straits"
  },
  {
    "input": "Disturbed (band)",
    "title": "Disturbed_(band)",
    "file": "Disturbed_(band).txt",
    "status": "skipped-existing",
    "label": "Disturbed",
    "display": "Disturbed"
  },
  {
    "input": "Fats Domino",
    "title": "Fats_Domino",
    "file": "Fats_Domino.txt",
    "status": "skipped-existing",
    "label": "Fats Domino",
    "display": "Fats Domino"
  },
  {
    "input": "Donovan",
    "title": "Donovan",
    "file": "Donovan.txt",
    "status": "skipped-existing",
    "label": "Donovan",
    "display": "Donovan"
  },
  {
    "input": "The Doobie Brothers",
    "title": "The_Doobie_Brothers",
    "file": "The_Doobie_Brothers.txt",
    "status": "skipped-existing",
    "label": "The Doobie Brothers",
    "display": "The Doobie Brothers"
  },
  {
    "input": "The Doors",
    "title": "The_Doors",
    "file": "The_Doors.txt",
    "status": "skipped-existing",
    "label": "The Doors",
    "display": "The Doors"
  },
  {
    "input": "Dr. Hook & the Medicine Show",
    "title": "Dr._Hook_&_the_Medicine_Show",
    "file": "Dr._Hook_&_the_Medicine_Show.txt",
    "status": "skipped-existing",
    "label": "Dr. Hook & the Medicine Show",
    "display": "Dr. Hook & the Medicine Show"
  },
  {
    "input": "Dropkick Murphys",
    "title": "Dropkick_Murphys",
    "file": "Dropkick_Murphys.txt",
    "status": "skipped-existing",
    "label": "Dropkick Murphys",
    "display": "Dropkick Murphys"
  },
  {
    "input": "Drowning Pool",
    "title": "Drowning_Pool",
    "file": "Drowning_Pool.txt",
    "status": "skipped-existing",
    "label": "Drowning Pool",
    "display": "Drowning Pool"
  },
  {
    "input": "Duran Duran",
    "title": "Duran_Duran",
    "file": "Duran_Duran.txt",
    "status": "skipped-existing",
    "label": "Duran Duran",
    "display": "Duran Duran"
  },
  {
    "input": "Ian Dury",
    "title": "Ian_Dury",
    "file": "Ian_Dury.txt",
    "status": "skipped-existing",
    "label": "Ian Dury & the Blockheads",
    "display": "Ian Dury & the Blockheads"
  },
  {
    "input": "Bob Dylan",
    "title": "Bob_Dylan",
    "file": "Bob_Dylan.txt",
    "status": "skipped-existing",
    "label": "Bob Dylan",
    "display": "Bob Dylan"
  },
  {
    "input": "Eagles (band)",
    "title": "Eagles_(band)",
    "file": "Eagles_(band).txt",
    "status": "skipped-existing",
    "label": "Eagles",
    "display": "Eagles"
  },
  {
    "input": "Echo & the Bunnymen",
    "title": "Echo_&_the_Bunnymen",
    "file": "Echo_&_the_Bunnymen.txt",
    "status": "skipped-existing",
    "label": "Echo & the Bunnymen",
    "display": "Echo & the Bunnymen"
  },
  {
    "input": "Duane Eddy",
    "title": "Duane_Eddy",
    "file": "Duane_Eddy.txt",
    "status": "skipped-existing",
    "label": "Duane Eddy",
    "display": "Duane Eddy"
  },
  {
    "input": "Edgar Winter",
    "title": "Edgar_Winter",
    "file": "Edgar_Winter.txt",
    "status": "skipped-existing",
    "label": "The Edgar Winter Group",
    "display": "The Edgar Winter Group"
  },
  {
    "input": "Electric Light Orchestra",
    "title": "Electric_Light_Orchestra",
    "file": "Electric_Light_Orchestra.txt",
    "status": "skipped-existing",
    "label": "Electric Light Orchestra",
    "display": "Electric Light Orchestra"
  },
  {
    "input": "Emerson, Lake & Palmer",
    "title": "Emerson,_Lake_&_Palmer",
    "file": "Emerson__Lake_&_Palmer.txt",
    "status": "skipped-existing",
    "label": "Emerson, Lake & Palmer",
    "display": "Emerson, Lake & Palmer"
  },
  {
    "input": "England Dan & John Ford Coley",
    "title": "England_Dan_&_John_Ford_Coley",
    "file": "England_Dan_&_John_Ford_Coley.txt",
    "status": "skipped-existing",
    "label": "England Dan & John Ford Coley",
    "display": "England Dan & John Ford Coley"
  },
  {
    "input": "Melissa Etheridge",
    "title": "Melissa_Etheridge",
    "file": "Melissa_Etheridge.txt",
    "status": "skipped-existing",
    "label": "Melissa Etheridge",
    "display": "Melissa Etheridge"
  },
  {
    "input": "Europe (band)",
    "title": "Europe_(band)",
    "file": "Europe_(band).txt",
    "status": "skipped-existing",
    "label": "Europe",
    "display": "Europe"
  },
  {
    "input": "Evanescence",
    "title": "Evanescence",
    "file": "Evanescence.txt",
    "status": "skipped-existing",
    "label": "Evanescence",
    "display": "Evanescence"
  },
  {
    "input": "Everclear (band)",
    "title": "Everclear_(band)",
    "file": "Everclear_(band).txt",
    "status": "skipped-existing",
    "label": "Everclear",
    "display": "Everclear"
  },
  {
    "input": "Everlast",
    "title": "Everlast",
    "file": "Everlast.txt",
    "status": "skipped-existing",
    "label": "Everlast",
    "display": "Everlast"
  },
  {
    "input": "The Everly Brothers",
    "title": "The_Everly_Brothers",
    "file": "The_Everly_Brothers.txt",
    "status": "skipped-existing",
    "label": "The Everly Brothers",
    "display": "The Everly Brothers"
  },
  {
    "input": "Extreme (band)",
    "title": "Extreme_(band)",
    "file": "Extreme_(band).txt",
    "status": "skipped-existing",
    "label": "Extreme",
    "display": "Extreme"
  },
  {
    "input": "Faces (band)",
    "title": "Faces_(band)",
    "file": "Faces_(band).txt",
    "status": "skipped-existing",
    "label": "Faces",
    "display": "Faces"
  },
  {
    "input": "Faith No More",
    "title": "Faith_No_More",
    "file": "Faith_No_More.txt",
    "status": "skipped-existing",
    "label": "Faith No More",
    "display": "Faith No More"
  },
  {
    "input": "Fall Out Boy",
    "title": "Fall_Out_Boy",
    "file": "Fall_Out_Boy.txt",
    "status": "skipped-existing",
    "label": "Fall Out Boy",
    "display": "Fall Out Boy"
  },
  {
    "input": "Bryan Ferry",
    "title": "Bryan_Ferry",
    "file": "Bryan_Ferry.txt",
    "status": "skipped-existing",
    "label": "Bryan Ferry",
    "display": "Bryan Ferry"
  },
  {
    "input": "Filter (band)",
    "title": "Filter_(band)",
    "file": "Filter_(band).txt",
    "status": "skipped-existing",
    "label": "Filter",
    "display": "Filter"
  },
  {
    "input": "Finger Eleven",
    "title": "Finger_Eleven",
    "file": "Finger_Eleven.txt",
    "status": "skipped-existing",
    "label": "Finger Eleven",
    "display": "Finger Eleven"
  },
  {
    "input": "FireHouse",
    "title": "FireHouse",
    "file": "FireHouse.txt",
    "status": "skipped-existing",
    "label": "FireHouse",
    "display": "FireHouse"
  },
  {
    "input": "Five Finger Death Punch",
    "title": "Five_Finger_Death_Punch",
    "file": "Five_Finger_Death_Punch.txt",
    "status": "skipped-existing",
    "label": "Five Finger Death Punch",
    "display": "Five Finger Death Punch"
  },
  {
    "input": "Five for Fighting",
    "title": "Five_for_Fighting",
    "file": "Five_for_Fighting.txt",
    "status": "skipped-existing",
    "label": "Five for Fighting",
    "display": "Five for Fighting"
  },
  {
    "input": "The Fixx",
    "title": "The_Fixx",
    "file": "The_Fixx.txt",
    "status": "skipped-existing",
    "label": "The Fixx",
    "display": "The Fixx"
  },
  {
    "input": "The Flaming Lips",
    "title": "The_Flaming_Lips",
    "file": "The_Flaming_Lips.txt",
    "status": "skipped-existing",
    "label": "The Flaming Lips",
    "display": "The Flaming Lips"
  },
  {
    "input": "Fleetwood Mac",
    "title": "Fleetwood_Mac",
    "file": "Fleetwood_Mac.txt",
    "status": "skipped-existing",
    "label": "Fleetwood Mac",
    "display": "Fleetwood Mac"
  },
  {
    "input": "Flogging Molly",
    "title": "Flogging_Molly",
    "file": "Flogging_Molly.txt",
    "status": "skipped-existing",
    "label": "Flogging Molly",
    "display": "Flogging Molly"
  },
  {
    "input": "Florence and the Machine",
    "title": "Florence_and_the_Machine",
    "file": "Florence_and_the_Machine.txt",
    "status": "skipped-existing",
    "label": "Florence + the Machine",
    "display": "Florence + the Machine"
  },
  {
    "input": "Flyleaf (band)",
    "title": "Flyleaf_(band)",
    "file": "Flyleaf_(band).txt",
    "status": "skipped-existing",
    "label": "Flyleaf",
    "display": "Flyleaf"
  },
  {
    "input": "Foals (band)",
    "title": "Foals_(band)",
    "file": "Foals_(band).txt",
    "status": "skipped-existing",
    "label": "Foals",
    "display": "Foals"
  },
  {
    "input": "Dan Fogelberg",
    "title": "Dan_Fogelberg",
    "file": "Dan_Fogelberg.txt",
    "status": "skipped-existing",
    "label": "Dan Fogelberg",
    "display": "Dan Fogelberg"
  },
  {
    "input": "John Fogerty",
    "title": "John_Fogerty",
    "file": "John_Fogerty.txt",
    "status": "skipped-existing",
    "label": "John Fogerty",
    "display": "John Fogerty"
  },
  {
    "input": "Foo Fighters",
    "title": "Foo_Fighters",
    "file": "Foo_Fighters.txt",
    "status": "skipped-existing",
    "label": "Foo Fighters",
    "display": "Foo Fighters"
  },
  {
    "input": "Foreigner (band)",
    "title": "Foreigner_(band)",
    "file": "Foreigner_(band).txt",
    "status": "skipped-existing",
    "label": "Foreigner",
    "display": "Foreigner"
  },
  {
    "input": "Foster the People",
    "title": "Foster_the_People",
    "file": "Foster_the_People.txt",
    "status": "skipped-existing",
    "label": "Foster the People",
    "display": "Foster the People"
  },
  {
    "input": "The Four Seasons (band)",
    "title": "The_Four_Seasons_(band)",
    "file": "The_Four_Seasons_(band).txt",
    "status": "skipped-existing",
    "label": "The Four Seasons",
    "display": "The Four Seasons"
  },
  {
    "input": "Peter Frampton",
    "title": "Peter_Frampton",
    "file": "Peter_Frampton.txt",
    "status": "skipped-existing",
    "label": "Peter Frampton",
    "display": "Peter Frampton"
  },
  {
    "input": "Franz Ferdinand (band)",
    "title": "Franz_Ferdinand_(band)",
    "file": "Franz_Ferdinand_(band).txt",
    "status": "skipped-existing",
    "label": "Franz Ferdinand",
    "display": "Franz Ferdinand"
  },
  {
    "input": "The Fray",
    "title": "The_Fray",
    "file": "The_Fray.txt",
    "status": "skipped-existing",
    "label": "The Fray",
    "display": "The Fray"
  },
  {
    "input": "Glenn Frey",
    "title": "Glenn_Frey",
    "file": "Glenn_Frey.txt",
    "status": "skipped-existing",
    "label": "Glenn Frey",
    "display": "Glenn Frey"
  },
  {
    "input": "Fuel (band)",
    "title": "Fuel_(band)",
    "file": "Fuel_(band).txt",
    "status": "skipped-existing",
    "label": "Fuel",
    "display": "Fuel"
  },
  {
    "input": "Fun (band)",
    "title": "Fun_(band)",
    "file": "Fun_(band).txt",
    "status": "skipped-existing",
    "label": "Fun.",
    "display": "Fun."
  },
  {
    "input": "Funkadelic",
    "title": "Funkadelic",
    "file": "Funkadelic.txt",
    "status": "skipped-existing",
    "label": "Funkadelic",
    "display": "Funkadelic"
  },
  {
    "input": "Peter Gabriel",
    "title": "Peter_Gabriel",
    "file": "Peter_Gabriel.txt",
    "status": "skipped-existing",
    "label": "Peter Gabriel",
    "display": "Peter Gabriel"
  },
  {
    "input": "Garbage (band)",
    "title": "Garbage_(band)",
    "file": "Garbage_(band).txt",
    "status": "skipped-existing",
    "label": "Garbage",
    "display": "Garbage"
  },
  {
    "input": "Genesis (band)",
    "title": "Genesis_(band)",
    "file": "Genesis_(band).txt",
    "status": "skipped-existing",
    "label": "Genesis",
    "display": "Genesis"
  },
  {
    "input": "Ghost (Swedish band)",
    "title": "Ghost_(Swedish_band)",
    "file": "Ghost_(Swedish_band).txt",
    "status": "skipped-existing",
    "label": "Ghost",
    "display": "Ghost"
  },
  {
    "input": "Gin Blossoms",
    "title": "Gin_Blossoms",
    "file": "Gin_Blossoms.txt",
    "status": "skipped-existing",
    "label": "Gin Blossoms",
    "display": "Gin Blossoms"
  },
  {
    "input": "Gary Glitter",
    "title": "Gary_Glitter",
    "file": "Gary_Glitter.txt",
    "status": "skipped-existing",
    "label": "Gary Glitter",
    "display": "Gary Glitter"
  },
  {
    "input": "The Go-Go's",
    "title": "The_Go-Go's",
    "file": "The_Go-Go's.txt",
    "status": "skipped-existing",
    "label": "The Go-Go's",
    "display": "The Go-Go's"
  },
  {
    "input": "Godsmack",
    "title": "Godsmack",
    "file": "Godsmack.txt",
    "status": "skipped-existing",
    "label": "Godsmack",
    "display": "Godsmack"
  },
  {
    "input": "Golden Earring",
    "title": "Golden_Earring",
    "file": "Golden_Earring.txt",
    "status": "skipped-existing",
    "label": "Golden Earring",
    "display": "Golden Earring"
  },
  {
    "input": "Goo Goo Dolls",
    "title": "Goo_Goo_Dolls",
    "file": "Goo_Goo_Dolls.txt",
    "status": "skipped-existing",
    "label": "Goo Goo Dolls",
    "display": "Goo Goo Dolls"
  },
  {
    "input": "Good Charlotte",
    "title": "Good_Charlotte",
    "file": "Good_Charlotte.txt",
    "status": "skipped-existing",
    "label": "Good Charlotte",
    "display": "Good Charlotte"
  },
  {
    "input": "Grand Funk Railroad",
    "title": "Grand_Funk_Railroad",
    "file": "Grand_Funk_Railroad.txt",
    "status": "skipped-existing",
    "label": "Grand Funk Railroad",
    "display": "Grand Funk Railroad"
  },
  {
    "input": "Grateful Dead",
    "title": "Grateful_Dead",
    "file": "Grateful_Dead.txt",
    "status": "skipped-existing",
    "label": "Grateful Dead",
    "display": "Grateful Dead"
  },
  {
    "input": "Great White",
    "title": "Great_White",
    "file": "Great_White.txt",
    "status": "skipped-existing",
    "label": "Great White",
    "display": "Great White"
  },
  {
    "input": "Green Day",
    "title": "Green_Day",
    "file": "Green_Day.txt",
    "status": "skipped-existing",
    "label": "Green Day",
    "display": "Green Day"
  },
  {
    "input": "Greta Van Fleet",
    "title": "Greta_Van_Fleet",
    "file": "Greta_Van_Fleet.txt",
    "status": "skipped-existing",
    "label": "Greta Van Fleet",
    "display": "Greta Van Fleet"
  },
  {
    "input": "The Guess Who",
    "title": "The_Guess_Who",
    "file": "The_Guess_Who.txt",
    "status": "skipped-existing",
    "label": "The Guess Who",
    "display": "The Guess Who"
  },
  {
    "input": "Guns N' Roses",
    "title": "Guns_N'_Roses",
    "file": "Guns_N'_Roses.txt",
    "status": "skipped-existing",
    "label": "Guns N' Roses",
    "display": "Guns N' Roses"
  },
  {
    "input": "Halestorm",
    "title": "Halestorm",
    "file": "Halestorm.txt",
    "status": "skipped-existing",
    "label": "Halestorm",
    "display": "Halestorm"
  },
  {
    "input": "Bill Haley & His Comets",
    "title": "Bill_Haley_&_His_Comets",
    "file": "Bill_Haley_&_His_Comets.txt",
    "status": "skipped-existing",
    "label": "Bill Haley & His Comets",
    "display": "Bill Haley & His Comets"
  },
  {
    "input": "Hall & Oates",
    "title": "Hall_&_Oates",
    "file": "Hall_&_Oates.txt",
    "status": "skipped-existing",
    "label": "Hall & Oates",
    "display": "Hall & Oates"
  },
  {
    "input": "George Harrison",
    "title": "George_Harrison",
    "file": "George_Harrison.txt",
    "status": "skipped-existing",
    "label": "George Harrison",
    "display": "George Harrison"
  },
  {
    "input": "Heart (band)",
    "title": "Heart_(band)",
    "file": "Heart_(band).txt",
    "status": "skipped-existing",
    "label": "Heart",
    "display": "Heart"
  },
  {
    "input": "Jimi Hendrix",
    "title": "Jimi_Hendrix",
    "file": "Jimi_Hendrix.txt",
    "status": "skipped-existing",
    "label": "Jimi Hendrix",
    "display": "Jimi Hendrix"
  },
  {
    "input": "Don Henley",
    "title": "Don_Henley",
    "file": "Don_Henley.txt",
    "status": "skipped-existing",
    "label": "Don Henley",
    "display": "Don Henley"
  },
  {
    "input": "Herman's Hermits",
    "title": "Herman's_Hermits",
    "file": "Herman's_Hermits.txt",
    "status": "skipped-existing",
    "label": "Herman's Hermits",
    "display": "Herman's Hermits"
  },
  {
    "input": "Highly Suspect",
    "title": "Highly_Suspect",
    "file": "Highly_Suspect.txt",
    "status": "skipped-existing",
    "label": "Highly Suspect",
    "display": "Highly Suspect"
  },
  {
    "input": "Hinder",
    "title": "Hinder",
    "file": "Hinder.txt",
    "status": "skipped-existing",
    "label": "Hinder",
    "display": "Hinder"
  },
  {
    "input": "The Hives",
    "title": "The_Hives",
    "file": "The_Hives.txt",
    "status": "skipped-existing",
    "label": "The Hives",
    "display": "The Hives"
  },
  {
    "input": "Hole (band)",
    "title": "Hole_(band)",
    "file": "Hole_(band).txt",
    "status": "skipped-existing",
    "label": "Hole",
    "display": "Hole"
  },
  {
    "input": "The Hollies",
    "title": "The_Hollies",
    "file": "The_Hollies.txt",
    "status": "skipped-existing",
    "label": "The Hollies",
    "display": "The Hollies"
  },
  {
    "input": "Buddy Holly",
    "title": "Buddy_Holly",
    "file": "Buddy_Holly.txt",
    "status": "skipped-existing",
    "label": "Buddy Holly",
    "display": "Buddy Holly"
  },
  {
    "input": "Hoobastank",
    "title": "Hoobastank",
    "file": "Hoobastank.txt",
    "status": "skipped-existing",
    "label": "Hoobastank",
    "display": "Hoobastank"
  },
  {
    "input": "Hootie & the Blowfish",
    "title": "Hootie_&_the_Blowfish",
    "file": "Hootie_&_the_Blowfish.txt",
    "status": "skipped-existing",
    "label": "Hootie & the Blowfish",
    "display": "Hootie & the Blowfish"
  },
  {
    "input": "Icehouse (band)",
    "title": "Icehouse_(band)",
    "file": "Icehouse_(band).txt",
    "status": "skipped-existing",
    "label": "Icehouse",
    "display": "Icehouse"
  },
  {
    "input": "Billy Idol",
    "title": "Billy_Idol",
    "file": "Billy_Idol.txt",
    "status": "skipped-existing",
    "label": "Billy Idol",
    "display": "Billy Idol"
  },
  {
    "input": "Imagine Dragons",
    "title": "Imagine_Dragons",
    "file": "Imagine_Dragons.txt",
    "status": "skipped-existing",
    "label": "Imagine Dragons",
    "display": "Imagine Dragons"
  },
  {
    "input": "Incubus (band)",
    "title": "Incubus_(band)",
    "file": "Incubus_(band).txt",
    "status": "skipped-existing",
    "label": "Incubus",
    "display": "Incubus"
  },
  {
    "input": "Interpol (band)",
    "title": "Interpol_(band)",
    "file": "Interpol_(band).txt",
    "status": "skipped-existing",
    "label": "Interpol",
    "display": "Interpol"
  },
  {
    "input": "INXS",
    "title": "INXS",
    "file": "INXS.txt",
    "status": "skipped-existing",
    "label": "INXS",
    "display": "INXS"
  },
  {
    "input": "Iron Maiden",
    "title": "Iron_Maiden",
    "file": "Iron_Maiden.txt",
    "status": "skipped-existing",
    "label": "Iron Maiden",
    "display": "Iron Maiden"
  },
  {
    "input": "The J. Geils Band",
    "title": "The_J._Geils_Band",
    "file": "The_J._Geils_Band.txt",
    "status": "skipped-existing",
    "label": "The J. Geils Band",
    "display": "The J. Geils Band"
  },
  {
    "input": "The Jam",
    "title": "The_Jam",
    "file": "The_Jam.txt",
    "status": "skipped-existing",
    "label": "The Jam",
    "display": "The Jam"
  },
  {
    "input": "Tommy James and the Shondells",
    "title": "Tommy_James_and_the_Shondells",
    "file": "Tommy_James_and_the_Shondells.txt",
    "status": "skipped-existing",
    "label": "Tommy James and the Shondells",
    "display": "Tommy James and the Shondells"
  },
  {
    "input": "Jane's Addiction",
    "title": "Jane's_Addiction",
    "file": "Jane's_Addiction.txt",
    "status": "skipped-existing",
    "label": "Jane's Addiction",
    "display": "Jane's Addiction"
  },
  {
    "input": "Jefferson Airplane",
    "title": "Jefferson_Airplane",
    "file": "Jefferson_Airplane.txt",
    "status": "skipped-existing",
    "label": "Jefferson Airplane",
    "display": "Jefferson Airplane"
  },
  {
    "input": "Jefferson Starship",
    "title": "Jefferson_Starship",
    "file": "Jefferson_Starship.txt",
    "status": "skipped-existing",
    "label": "Jefferson Starship",
    "display": "Jefferson Starship"
  },
  {
    "input": "The Jesus and Mary Chain",
    "title": "The_Jesus_and_Mary_Chain",
    "file": "The_Jesus_and_Mary_Chain.txt",
    "status": "skipped-existing",
    "label": "The Jesus and Mary Chain",
    "display": "The Jesus and Mary Chain"
  },
  {
    "input": "Jet (Australian band)",
    "title": "Jet_(Australian_band)",
    "file": "Jet_(Australian_band).txt",
    "status": "skipped-existing",
    "label": "Jet",
    "display": "Jet"
  },
  {
    "input": "Jethro Tull (band)",
    "title": "Jethro_Tull_(band)",
    "file": "Jethro_Tull_(band).txt",
    "status": "skipped-existing",
    "label": "Jethro Tull",
    "display": "Jethro Tull"
  },
  {
    "input": "Joan Jett",
    "title": "Joan_Jett",
    "file": "Joan_Jett.txt",
    "status": "skipped-existing",
    "label": "Joan Jett & the Blackhearts",
    "display": "Joan Jett & the Blackhearts"
  },
  {
    "input": "Jimmy Eat World",
    "title": "Jimmy_Eat_World",
    "file": "Jimmy_Eat_World.txt",
    "status": "skipped-existing",
    "label": "Jimmy Eat World",
    "display": "Jimmy Eat World"
  },
  {
    "input": "Billy Joel",
    "title": "Billy_Joel",
    "file": "Billy_Joel.txt",
    "status": "skipped-existing",
    "label": "Billy Joel",
    "display": "Billy Joel"
  },
  {
    "input": "Elton John",
    "title": "Elton_John",
    "file": "Elton_John.txt",
    "status": "skipped-existing",
    "label": "Elton John",
    "display": "Elton John"
  },
  {
    "input": "Janis Joplin",
    "title": "Janis_Joplin",
    "file": "Janis_Joplin.txt",
    "status": "skipped-existing",
    "label": "Janis Joplin",
    "display": "Janis Joplin"
  },
  {
    "input": "Journey (band)",
    "title": "Journey_(band)",
    "file": "Journey_(band).txt",
    "status": "skipped-existing",
    "label": "Journey",
    "display": "Journey"
  },
  {
    "input": "Joy Division",
    "title": "Joy_Division",
    "file": "Joy_Division.txt",
    "status": "skipped-existing",
    "label": "Joy Division",
    "display": "Joy Division"
  },
  {
    "input": "Judas Priest",
    "title": "Judas_Priest",
    "file": "Judas_Priest.txt",
    "status": "skipped-existing",
    "label": "Judas Priest",
    "display": "Judas Priest"
  },
  {
    "input": "Kaiser Chiefs",
    "title": "Kaiser_Chiefs",
    "file": "Kaiser_Chiefs.txt",
    "status": "skipped-existing",
    "label": "Kaiser Chiefs",
    "display": "Kaiser Chiefs"
  },
  {
    "input": "Kaleo (band)",
    "title": "Kaleo_(band)",
    "file": "Kaleo_(band).txt",
    "status": "skipped-existing",
    "label": "Kaleo",
    "display": "Kaleo"
  },
  {
    "input": "Kansas (band)",
    "title": "Kansas_(band)",
    "file": "Kansas_(band).txt",
    "status": "skipped-existing",
    "label": "Kansas",
    "display": "Kansas"
  },
  {
    "input": "Keane (band)",
    "title": "Keane_(band)",
    "file": "Keane_(band).txt",
    "status": "skipped-existing",
    "label": "Keane",
    "display": "Keane"
  },
  {
    "input": "Kid Rock",
    "title": "Kid_Rock",
    "file": "Kid_Rock.txt",
    "status": "skipped-existing",
    "label": "Kid Rock",
    "display": "Kid Rock"
  },
  {
    "input": "The Killers",
    "title": "The_Killers",
    "file": "The_Killers.txt",
    "status": "skipped-existing",
    "label": "The Killers",
    "display": "The Killers"
  },
  {
    "input": "Killswitch Engage",
    "title": "Killswitch_Engage",
    "file": "Killswitch_Engage.txt",
    "status": "skipped-existing",
    "label": "Killswitch Engage",
    "display": "Killswitch Engage"
  },
  {
    "input": "Kings of Leon",
    "title": "Kings_of_Leon",
    "file": "Kings_of_Leon.txt",
    "status": "skipped-existing",
    "label": "Kings of Leon",
    "display": "Kings of Leon"
  },
  {
    "input": "The Kinks",
    "title": "The_Kinks",
    "file": "The_Kinks.txt",
    "status": "skipped-existing",
    "label": "The Kinks",
    "display": "The Kinks"
  },
  {
    "input": "Kiss (band)",
    "title": "Kiss_(band)",
    "file": "Kiss_(band).txt",
    "status": "skipped-existing",
    "label": "Kiss",
    "display": "Kiss"
  },
  {
    "input": "Korn",
    "title": "Korn",
    "file": "Korn.txt",
    "status": "skipped-existing",
    "label": "Korn",
    "display": "Korn"
  },
  {
    "input": "Lenny Kravitz",
    "title": "Lenny_Kravitz",
    "file": "Lenny_Kravitz.txt",
    "status": "skipped-existing",
    "label": "Lenny Kravitz",
    "display": "Lenny Kravitz"
  },
  {
    "input": "Lacuna Coil",
    "title": "Lacuna_Coil",
    "file": "Lacuna_Coil.txt",
    "status": "skipped-existing",
    "label": "Lacuna Coil",
    "display": "Lacuna Coil"
  },
  {
    "input": "Lamb of God (band)",
    "title": "Lamb_of_God_(band)",
    "file": "Lamb_of_God_(band).txt",
    "status": "skipped-existing",
    "label": "Lamb of God",
    "display": "Lamb of God"
  },
  {
    "input": "Avril Lavigne",
    "title": "Avril_Lavigne",
    "file": "Avril_Lavigne.txt",
    "status": "skipped-existing",
    "label": "Avril Lavigne",
    "display": "Avril Lavigne"
  },
  {
    "input": "Led Zeppelin",
    "title": "Led_Zeppelin",
    "file": "Led_Zeppelin.txt",
    "status": "skipped-existing",
    "label": "Led Zeppelin",
    "display": "Led Zeppelin"
  },
  {
    "input": "John Lennon",
    "title": "John_Lennon",
    "file": "John_Lennon.txt",
    "status": "skipped-existing",
    "label": "John Lennon",
    "display": "John Lennon"
  },
  {
    "input": "Huey Lewis and the News",
    "title": "Huey_Lewis_and_the_News",
    "file": "Huey_Lewis_and_the_News.txt",
    "status": "skipped-existing",
    "label": "Huey Lewis and the News",
    "display": "Huey Lewis and the News"
  },
  {
    "input": "Jerry Lee Lewis",
    "title": "Jerry_Lee_Lewis",
    "file": "Jerry_Lee_Lewis.txt",
    "status": "skipped-existing",
    "label": "Jerry Lee Lewis",
    "display": "Jerry Lee Lewis"
  },
  {
    "input": "Lifehouse (band)",
    "title": "Lifehouse_(band)",
    "file": "Lifehouse_(band).txt",
    "status": "skipped-existing",
    "label": "Lifehouse",
    "display": "Lifehouse"
  },
  {
    "input": "Limp Bizkit",
    "title": "Limp_Bizkit",
    "file": "Limp_Bizkit.txt",
    "status": "skipped-existing",
    "label": "Limp Bizkit",
    "display": "Limp Bizkit"
  },
  {
    "input": "Linkin Park",
    "title": "Linkin_Park",
    "file": "Linkin_Park.txt",
    "status": "skipped-existing",
    "label": "Linkin Park",
    "display": "Linkin Park"
  },
  {
    "input": "Little Richard",
    "title": "Little_Richard",
    "file": "Little_Richard.txt",
    "status": "skipped-existing",
    "label": "Little Richard",
    "display": "Little Richard"
  },
  {
    "input": "Little River Band",
    "title": "Little_River_Band",
    "file": "Little_River_Band.txt",
    "status": "skipped-existing",
    "label": "Little River Band",
    "display": "Little River Band"
  },
  {
    "input": "Live (band)",
    "title": "Live_(band)",
    "file": "Live_(band).txt",
    "status": "skipped-existing",
    "label": "Live",
    "display": "Live"
  },
  {
    "input": "Living Colour",
    "title": "Living_Colour",
    "file": "Living_Colour.txt",
    "status": "skipped-existing",
    "label": "Living Colour",
    "display": "Living Colour"
  },
  {
    "input": "Kenny Loggins",
    "title": "Kenny_Loggins",
    "file": "Kenny_Loggins.txt",
    "status": "skipped-existing",
    "label": "Kenny Loggins",
    "display": "Kenny Loggins"
  },
  {
    "input": "Loverboy",
    "title": "Loverboy",
    "file": "Loverboy.txt",
    "status": "skipped-existing",
    "label": "Loverboy",
    "display": "Loverboy"
  },
  {
    "input": "The Lovin' Spoonful",
    "title": "The_Lovin'_Spoonful",
    "file": "The_Lovin'_Spoonful.txt",
    "status": "skipped-existing",
    "label": "The Lovin' Spoonful",
    "display": "The Lovin' Spoonful"
  },
  {
    "input": "The Lumineers",
    "title": "The_Lumineers",
    "file": "The_Lumineers.txt",
    "status": "skipped-existing",
    "label": "The Lumineers",
    "display": "The Lumineers"
  },
  {
    "input": "Lynyrd Skynyrd",
    "title": "Lynyrd_Skynyrd",
    "file": "Lynyrd_Skynyrd.txt",
    "status": "skipped-existing",
    "label": "Lynyrd Skynyrd",
    "display": "Lynyrd Skynyrd"
  },
  {
    "input": "The Mamas & the Papas",
    "title": "The_Mamas_&_the_Papas",
    "file": "The_Mamas_&_the_Papas.txt",
    "status": "skipped-existing",
    "label": "The Mamas & the Papas",
    "display": "The Mamas & the Papas"
  },
  {
    "input": "Manfred Mann",
    "title": "Manfred_Mann",
    "file": "Manfred_Mann.txt",
    "status": "skipped-existing",
    "label": "Manfred Mann",
    "display": "Manfred Mann"
  },
  {
    "input": "Manfred Mann (musician)",
    "title": "Manfred_Mann_(musician)",
    "file": "Manfred_Mann_(musician).txt",
    "status": "skipped-existing",
    "label": "Manfred Mann",
    "display": "Manfred Mann (musician)"
  },
  {
    "input": "Manfred Mann's Earth Band",
    "title": "Manfred_Mann's_Earth_Band",
    "file": "Manfred_Mann's_Earth_Band.txt",
    "status": "skipped-existing",
    "label": "Manfred Mann's Earth Band",
    "display": "Manfred Mann's Earth Band"
  },
  {
    "input": "Manfred Mann Chapter Three",
    "title": "Manfred_Mann_Chapter_Three",
    "file": "Manfred_Mann_Chapter_Three.txt",
    "status": "skipped-existing",
    "label": "Manfred Mann Chapter Three",
    "display": "Manfred Mann Chapter Three"
  },
  {
    "input": "Marilyn Manson",
    "title": "Marilyn_Manson",
    "file": "Marilyn_Manson.txt",
    "status": "skipped-existing",
    "label": "Marilyn Manson",
    "display": "Marilyn Manson"
  },
  {
    "input": "Marilyn Manson (band)",
    "title": "Marilyn_Manson_(band)",
    "file": "Marilyn_Manson_(band).txt",
    "status": "skipped-existing",
    "label": "Marilyn Manson",
    "display": "Marilyn Manson (band)"
  },
  {
    "input": "The Marshall Tucker Band",
    "title": "The_Marshall_Tucker_Band",
    "file": "The_Marshall_Tucker_Band.txt",
    "status": "skipped-existing",
    "label": "The Marshall Tucker Band",
    "display": "The Marshall Tucker Band"
  },
  {
    "input": "Matchbox Twenty",
    "title": "Matchbox_Twenty",
    "file": "Matchbox_Twenty.txt",
    "status": "skipped-existing",
    "label": "Matchbox Twenty",
    "display": "Matchbox Twenty"
  },
  {
    "input": "John Mayer",
    "title": "John_Mayer",
    "file": "John_Mayer.txt",
    "status": "skipped-existing",
    "label": "John Mayer",
    "display": "John Mayer"
  },
  {
    "input": "John Mayall",
    "title": "John_Mayall",
    "file": "John_Mayall.txt",
    "status": "skipped-existing",
    "label": "John Mayall",
    "display": "John Mayall"
  },
  {
    "input": "John Mayall & the Bluesbreakers",
    "title": "John_Mayall_&_the_Bluesbreakers",
    "file": "John_Mayall_&_the_Bluesbreakers.txt",
    "status": "skipped-existing",
    "label": "John Mayall & the Bluesbreakers",
    "display": "John Mayall & the Bluesbreakers"
  },
  {
    "input": "Paul McCartney",
    "title": "Paul_McCartney",
    "file": "Paul_McCartney.txt",
    "status": "skipped-existing",
    "label": "Paul McCartney",
    "display": "Paul McCartney"
  },
  {
    "input": "Meat Loaf",
    "title": "Meat_Loaf",
    "file": "Meat_Loaf.txt",
    "status": "skipped-existing",
    "label": "Meat Loaf",
    "display": "Meat Loaf"
  },
  {
    "input": "Megadeth",
    "title": "Megadeth",
    "file": "Megadeth.txt",
    "status": "skipped-existing",
    "label": "Megadeth",
    "display": "Megadeth"
  },
  {
    "input": "John Mellencamp",
    "title": "John_Mellencamp",
    "file": "John_Mellencamp.txt",
    "status": "skipped-existing",
    "label": "John Mellencamp",
    "display": "John Mellencamp"
  },
  {
    "input": "Men at Work",
    "title": "Men_at_Work",
    "file": "Men_at_Work.txt",
    "status": "skipped-existing",
    "label": "Men at Work",
    "display": "Men at Work"
  },
  {
    "input": "Metallica",
    "title": "Metallica",
    "file": "Metallica.txt",
    "status": "skipped-existing",
    "label": "Metallica",
    "display": "Metallica"
  },
  {
    "input": "Midnight Oil",
    "title": "Midnight_Oil",
    "file": "Midnight_Oil.txt",
    "status": "skipped-existing",
    "label": "Midnight Oil",
    "display": "Midnight Oil"
  },
  {
    "input": "Mike and the Mechanics",
    "title": "Mike_and_the_Mechanics",
    "file": "Mike_and_the_Mechanics.txt",
    "status": "skipped-existing",
    "label": "Mike + the Mechanics",
    "display": "Mike + the Mechanics"
  },
  {
    "input": "Modest Mouse",
    "title": "Modest_Mouse",
    "file": "Modest_Mouse.txt",
    "status": "skipped-existing",
    "label": "Modest Mouse",
    "display": "Modest Mouse"
  },
  {
    "input": "Eddie Money",
    "title": "Eddie_Money",
    "file": "Eddie_Money.txt",
    "status": "skipped-existing",
    "label": "Eddie Money",
    "display": "Eddie Money"
  },
  {
    "input": "The Monkees",
    "title": "The_Monkees",
    "file": "The_Monkees.txt",
    "status": "skipped-existing",
    "label": "The Monkees",
    "display": "The Monkees"
  },
  {
    "input": "Montgomery Gentry",
    "title": "Montgomery_Gentry",
    "file": "Montgomery_Gentry.txt",
    "status": "skipped-existing",
    "label": "Montgomery Gentry",
    "display": "Montgomery Gentry"
  },
  {
    "input": "The Moody Blues",
    "title": "The_Moody_Blues",
    "file": "The_Moody_Blues.txt",
    "status": "skipped-existing",
    "label": "The Moody Blues",
    "display": "The Moody Blues"
  },
  {
    "input": "Alanis Morissette",
    "title": "Alanis_Morissette",
    "file": "Alanis_Morissette.txt",
    "status": "skipped-existing",
    "label": "Alanis Morissette",
    "display": "Alanis Morissette"
  },
  {
    "input": "Van Morrison",
    "title": "Van_Morrison",
    "file": "Van_Morrison.txt",
    "status": "skipped-existing",
    "label": "Van Morrison",
    "display": "Van Morrison"
  },
  {
    "input": "Morrissey",
    "title": "Morrissey",
    "file": "Morrissey.txt",
    "status": "skipped-existing",
    "label": "Morrissey",
    "display": "Morrissey"
  },
  {
    "input": "The Mothers of Invention",
    "title": "The_Mothers_of_Invention",
    "file": "The_Mothers_of_Invention.txt",
    "status": "skipped-existing",
    "label": "The Mothers of Invention",
    "display": "The Mothers of Invention"
  },
  {
    "input": "Mötley Crüe",
    "title": "Mötley_Crüe",
    "file": "Mötley_Crüe.txt",
    "status": "skipped-existing",
    "label": "Mötley Crüe",
    "display": "Mötley Crüe"
  },
  {
    "input": "Motörhead",
    "title": "Motörhead",
    "file": "Motörhead.txt",
    "status": "skipped-existing",
    "label": "Motörhead",
    "display": "Motörhead"
  },
  {
    "input": "Mudvayne",
    "title": "Mudvayne",
    "file": "Mudvayne.txt",
    "status": "skipped-existing",
    "label": "Mudvayne",
    "display": "Mudvayne"
  },
  {
    "input": "Mumford & Sons",
    "title": "Mumford_&_Sons",
    "file": "Mumford_&_Sons.txt",
    "status": "skipped-existing",
    "label": "Mumford & Sons",
    "display": "Mumford & Sons"
  },
  {
    "input": "Michael Martin Murphey",
    "title": "Michael_Martin_Murphey",
    "file": "Michael_Martin_Murphey.txt",
    "status": "skipped-existing",
    "label": "Michael Martin Murphey",
    "display": "Michael Martin Murphey"
  },
  {
    "input": "Muse (band)",
    "title": "Muse_(band)",
    "file": "Muse_(band).txt",
    "status": "skipped-existing",
    "label": "Muse",
    "display": "Muse"
  },
  {
    "input": "My Chemical Romance",
    "title": "My_Chemical_Romance",
    "file": "My_Chemical_Romance.txt",
    "status": "skipped-existing",
    "label": "My Chemical Romance",
    "display": "My Chemical Romance"
  },
  {
    "input": "New York Dolls",
    "title": "New_York_Dolls",
    "file": "New_York_Dolls.txt",
    "status": "skipped-existing",
    "label": "New York Dolls",
    "display": "New York Dolls"
  },
  {
    "input": "Nickelback",
    "title": "Nickelback",
    "file": "Nickelback.txt",
    "status": "skipped-existing",
    "label": "Nickelback",
    "display": "Nickelback"
  },
  {
    "input": "Stevie Nicks",
    "title": "Stevie_Nicks",
    "file": "Stevie_Nicks.txt",
    "status": "skipped-existing",
    "label": "Stevie Nicks",
    "display": "Stevie Nicks"
  },
  {
    "input": "Harry Nilsson",
    "title": "Harry_Nilsson",
    "file": "Harry_Nilsson.txt",
    "status": "skipped-existing",
    "label": "Harry Nilsson",
    "display": "Harry Nilsson"
  },
  {
    "input": "Nine Inch Nails",
    "title": "Nine_Inch_Nails",
    "file": "Nine_Inch_Nails.txt",
    "status": "skipped-existing",
    "label": "Nine Inch Nails",
    "display": "Nine Inch Nails"
  },
  {
    "input": "Nirvana (band)",
    "title": "Nirvana_(band)",
    "file": "Nirvana_(band).txt",
    "status": "skipped-existing",
    "label": "Nirvana",
    "display": "Nirvana"
  },
  {
    "input": "No Doubt",
    "title": "No_Doubt",
    "file": "No_Doubt.txt",
    "status": "skipped-existing",
    "label": "No Doubt",
    "display": "No Doubt"
  },
  {
    "input": "Ted Nugent",
    "title": "Ted_Nugent",
    "file": "Ted_Nugent.txt",
    "status": "skipped-existing",
    "label": "Ted Nugent",
    "display": "Ted Nugent"
  },
  {
    "input": "Oasis (band)",
    "title": "Oasis_(band)",
    "file": "Oasis_(band).txt",
    "status": "skipped-existing",
    "label": "Oasis",
    "display": "Oasis"
  },
  {
    "input": "The Offspring",
    "title": "The_Offspring",
    "file": "The_Offspring.txt",
    "status": "skipped-existing",
    "label": "The Offspring",
    "display": "The Offspring"
  },
  {
    "input": "Roy Orbison",
    "title": "Roy_Orbison",
    "file": "Roy_Orbison.txt",
    "status": "skipped-existing",
    "label": "Roy Orbison",
    "display": "Roy Orbison"
  },
  {
    "input": "Ozzy Osbourne",
    "title": "Ozzy_Osbourne",
    "file": "Ozzy_Osbourne.txt",
    "status": "skipped-existing",
    "label": "Ozzy Osbourne",
    "display": "Ozzy Osbourne"
  },
  {
    "input": "Our Lady Peace",
    "title": "Our_Lady_Peace",
    "file": "Our_Lady_Peace.txt",
    "status": "skipped-existing",
    "label": "Our Lady Peace",
    "display": "Our Lady Peace"
  },
  {
    "input": "The Outfield",
    "title": "The_Outfield",
    "file": "The_Outfield.txt",
    "status": "skipped-existing",
    "label": "The Outfield",
    "display": "The Outfield"
  },
  {
    "input": "P.O.D.",
    "title": "P.O.D.",
    "file": "P.O.D..txt",
    "status": "skipped-existing",
    "label": "P.O.D.",
    "display": "P.O.D."
  },
  {
    "input": "Panic! at the Disco",
    "title": "Panic!_at_the_Disco",
    "file": "Panic__at_the_Disco.txt",
    "status": "skipped-existing",
    "label": "Panic! at the Disco",
    "display": "Panic! at the Disco"
  },
  {
    "input": "Pantera",
    "title": "Pantera",
    "file": "Pantera.txt",
    "status": "skipped-existing",
    "label": "Pantera",
    "display": "Pantera"
  },
  {
    "input": "Papa Roach",
    "title": "Papa_Roach",
    "file": "Papa_Roach.txt",
    "status": "skipped-existing",
    "label": "Papa Roach",
    "display": "Papa Roach"
  },
  {
    "input": "Paramore",
    "title": "Paramore",
    "file": "Paramore.txt",
    "status": "skipped-existing",
    "label": "Paramore",
    "display": "Paramore"
  },
  {
    "input": "Parliament (band)",
    "title": "Parliament_(band)",
    "file": "Parliament_(band).txt",
    "status": "skipped-existing",
    "label": "Parliament",
    "display": "Parliament (band)"
  },
  {
    "input": "Parliament-Funkadelic",
    "title": "Parliament-Funkadelic",
    "file": "Parliament-Funkadelic.txt",
    "status": "skipped-existing",
    "label": "Parliament-Funkadelic",
    "display": "Parliament-Funkadelic"
  },
  {
    "input": "Pearl Jam",
    "title": "Pearl_Jam",
    "file": "Pearl_Jam.txt",
    "status": "skipped-existing",
    "label": "Pearl Jam",
    "display": "Pearl Jam"
  },
  {
    "input": "A Perfect Circle",
    "title": "A_Perfect_Circle",
    "file": "A_Perfect_Circle.txt",
    "status": "skipped-existing",
    "label": "A Perfect Circle",
    "display": "A Perfect Circle"
  },
  {
    "input": "Tom Petty",
    "title": "Tom_Petty",
    "file": "Tom_Petty.txt",
    "status": "skipped-existing",
    "label": "Tom Petty",
    "display": "Tom Petty"
  },
  {
    "input": "Tom Petty and the Heartbreakers",
    "title": "Tom_Petty_and_the_Heartbreakers",
    "file": "Tom_Petty_and_the_Heartbreakers.txt",
    "status": "skipped-existing",
    "label": "Tom Petty and the Heartbreakers",
    "display": "Tom Petty and the Heartbreakers"
  },
  {
    "input": "Pink Floyd",
    "title": "Pink_Floyd",
    "file": "Pink_Floyd.txt",
    "status": "skipped-existing",
    "label": "Pink Floyd",
    "display": "Pink Floyd"
  },
  {
    "input": "Pixies (band)",
    "title": "Pixies_(band)",
    "file": "Pixies_(band).txt",
    "status": "skipped-existing",
    "label": "Pixies",
    "display": "Pixies"
  },
  {
    "input": "Robert Plant",
    "title": "Robert_Plant",
    "file": "Robert_Plant.txt",
    "status": "skipped-existing",
    "label": "Robert Plant",
    "display": "Robert Plant"
  },
  {
    "input": "Poison (American band)",
    "title": "Poison_(American_band)",
    "file": "Poison_(American_band).txt",
    "status": "skipped-existing",
    "label": "Poison",
    "display": "Poison"
  },
  {
    "input": "The Police",
    "title": "The_Police",
    "file": "The_Police.txt",
    "status": "skipped-existing",
    "label": "The Police",
    "display": "The Police"
  },
  {
    "input": "Iggy Pop",
    "title": "Iggy_Pop",
    "file": "Iggy_Pop.txt",
    "status": "skipped-existing",
    "label": "Iggy Pop",
    "display": "Iggy Pop"
  },
  {
    "input": "Pop Evil",
    "title": "Pop_Evil",
    "file": "Pop_Evil.txt",
    "status": "skipped-existing",
    "label": "Pop Evil",
    "display": "Pop Evil"
  },
  {
    "input": "The Presidents of the United States of America (band)",
    "title": "The_Presidents_of_the_United_States_of_America_(band)",
    "file": "The_Presidents_of_the_United_States_of_America_(band).txt",
    "status": "skipped-existing",
    "label": "The Presidents of the United States of America",
    "display": "The Presidents of the United States of America"
  },
  {
    "input": "The Pretenders",
    "title": "The_Pretenders",
    "file": "The_Pretenders.txt",
    "status": "skipped-existing",
    "label": "The Pretenders",
    "display": "The Pretenders"
  },
  {
    "input": "Elvis Presley",
    "title": "Elvis_Presley",
    "file": "Elvis_Presley.txt",
    "status": "skipped-existing",
    "label": "Elvis Presley",
    "display": "Elvis Presley"
  },
  {
    "input": "The Pretty Reckless",
    "title": "The_Pretty_Reckless",
    "file": "The_Pretty_Reckless.txt",
    "status": "skipped-existing",
    "label": "The Pretty Reckless",
    "display": "The Pretty Reckless"
  },
  {
    "input": "Primus (band)",
    "title": "Primus_(band)",
    "file": "Primus_(band).txt",
    "status": "skipped-existing",
    "label": "Primus",
    "display": "Primus"
  },
  {
    "input": "Puddle of Mudd",
    "title": "Puddle_of_Mudd",
    "file": "Puddle_of_Mudd.txt",
    "status": "skipped-existing",
    "label": "Puddle of Mudd",
    "display": "Puddle of Mudd"
  },
  {
    "input": "Queen (band)",
    "title": "Queen_(band)",
    "file": "Queen_(band).txt",
    "status": "skipped-existing",
    "label": "Queen",
    "display": "Queen"
  },
  {
    "input": "Queens of the Stone Age",
    "title": "Queens_of_the_Stone_Age",
    "file": "Queens_of_the_Stone_Age.txt",
    "status": "skipped-existing",
    "label": "Queens of the Stone Age",
    "display": "Queens of the Stone Age"
  },
  {
    "input": "Queensrÿche",
    "title": "Queensrÿche",
    "file": "Queensrÿche.txt",
    "status": "skipped-existing",
    "label": "Queensrÿche",
    "display": "Queensrÿche"
  },
  {
    "input": "Quiet Riot",
    "title": "Quiet_Riot",
    "file": "Quiet_Riot.txt",
    "status": "skipped-existing",
    "label": "Quiet Riot",
    "display": "Quiet Riot"
  },
  {
    "input": "R.E.M.",
    "title": "R.E.M.",
    "file": "R.E.M..txt",
    "status": "skipped-existing",
    "label": "R.E.M.",
    "display": "R.E.M."
  },
  {
    "input": "Radiohead",
    "title": "Radiohead",
    "file": "Radiohead.txt",
    "status": "skipped-existing",
    "label": "Radiohead",
    "display": "Radiohead"
  },
  {
    "input": "Rage Against the Machine",
    "title": "Rage_Against_the_Machine",
    "file": "Rage_Against_the_Machine.txt",
    "status": "skipped-existing",
    "label": "Rage Against the Machine",
    "display": "Rage Against the Machine"
  },
  {
    "input": "Rainbow (rock band)",
    "title": "Rainbow_(rock_band)",
    "file": "Rainbow_(rock_band).txt",
    "status": "skipped-existing",
    "label": "Rainbow",
    "display": "Rainbow"
  },
  {
    "input": "Rammstein",
    "title": "Rammstein",
    "file": "Rammstein.txt",
    "status": "skipped-existing",
    "label": "Rammstein",
    "display": "Rammstein"
  },
  {
    "input": "Ramones",
    "title": "Ramones",
    "file": "Ramones.txt",
    "status": "skipped-existing",
    "label": "Ramones",
    "display": "Ramones"
  },
  {
    "input": "Ratt",
    "title": "Ratt",
    "file": "Ratt.txt",
    "status": "skipped-existing",
    "label": "Ratt",
    "display": "Ratt"
  },
  {
    "input": "Red Hot Chili Peppers",
    "title": "Red_Hot_Chili_Peppers",
    "file": "Red_Hot_Chili_Peppers.txt",
    "status": "skipped-existing",
    "label": "Red Hot Chili Peppers",
    "display": "Red Hot Chili Peppers"
  },
  {
    "input": "Lou Reed",
    "title": "Lou_Reed",
    "file": "Lou_Reed.txt",
    "status": "skipped-existing",
    "label": "Lou Reed",
    "display": "Lou Reed"
  },
  {
    "input": "REO Speedwagon",
    "title": "REO_Speedwagon",
    "file": "REO_Speedwagon.txt",
    "status": "skipped-existing",
    "label": "REO Speedwagon",
    "display": "REO Speedwagon"
  },
  {
    "input": "Chris Rea",
    "title": "Chris_Rea",
    "file": "Chris_Rea.txt",
    "status": "skipped-existing",
    "label": "Chris Rea",
    "display": "Chris Rea"
  },
  {
    "input": "Rise Against",
    "title": "Rise_Against",
    "file": "Rise_Against.txt",
    "status": "skipped-existing",
    "label": "Rise Against",
    "display": "Rise Against"
  },
  {
    "input": "Sixto Rodriguez",
    "title": "Sixto_Rodriguez",
    "file": "Sixto_Rodriguez.txt",
    "status": "skipped-existing",
    "label": "Sixto Rodriguez",
    "display": "Sixto Rodriguez"
  },
  {
    "input": "The Rolling Stones",
    "title": "The_Rolling_Stones",
    "file": "The_Rolling_Stones.txt",
    "status": "skipped-existing",
    "label": "The Rolling Stones",
    "display": "The Rolling Stones"
  },
  {
    "input": "Linda Ronstadt",
    "title": "Linda_Ronstadt",
    "file": "Linda_Ronstadt.txt",
    "status": "skipped-existing",
    "label": "Linda Ronstadt",
    "display": "Linda Ronstadt"
  },
  {
    "input": "Roxy Music",
    "title": "Roxy_Music",
    "file": "Roxy_Music.txt",
    "status": "skipped-existing",
    "label": "Roxy Music",
    "display": "Roxy Music"
  },
  {
    "input": "Royal Blood (band)",
    "title": "Royal_Blood_(band)",
    "file": "Royal_Blood_(band).txt",
    "status": "skipped-existing",
    "label": "Royal Blood",
    "display": "Royal Blood"
  },
  {
    "input": "Run-DMC",
    "title": "Run-DMC",
    "file": "Run-DMC.txt",
    "status": "skipped-existing",
    "label": "Run-DMC",
    "display": "Run-DMC"
  },
  {
    "input": "Rush (band)",
    "title": "Rush_(band)",
    "file": "Rush_(band).txt",
    "status": "skipped-existing",
    "label": "Rush",
    "display": "Rush"
  },
  {
    "input": "Mitch Ryder",
    "title": "Mitch_Ryder",
    "file": "Mitch_Ryder.txt",
    "status": "skipped-existing",
    "label": "Mitch Ryder",
    "display": "Mitch Ryder"
  },
  {
    "input": "Saliva (band)",
    "title": "Saliva_(band)",
    "file": "Saliva_(band).txt",
    "status": "skipped-existing",
    "label": "Saliva",
    "display": "Saliva"
  },
  {
    "input": "Sam Fender",
    "title": "Sam_Fender",
    "file": "Sam_Fender.txt",
    "status": "skipped-existing",
    "label": "Sam Fender",
    "display": "Sam Fender"
  },
  {
    "input": "Santana (band)",
    "title": "Santana_(band)",
    "file": "Santana_(band).txt",
    "status": "skipped-existing",
    "label": "Santana",
    "display": "Santana"
  },
  {
    "input": "Joe Satriani",
    "title": "Joe_Satriani",
    "file": "Joe_Satriani.txt",
    "status": "skipped-existing",
    "label": "Joe Satriani",
    "display": "Joe Satriani"
  },
  {
    "input": "Saving Abel",
    "title": "Saving_Abel",
    "file": "Saving_Abel.txt",
    "status": "skipped-existing",
    "label": "Saving Abel",
    "display": "Saving Abel"
  },
  {
    "input": "Scorpions (band)",
    "title": "Scorpions_(band)",
    "file": "Scorpions_(band).txt",
    "status": "skipped-existing",
    "label": "Scorpions",
    "display": "Scorpions"
  },
  {
    "input": "The Script",
    "title": "The_Script",
    "file": "The_Script.txt",
    "status": "skipped-existing",
    "label": "The Script",
    "display": "The Script"
  },
  {
    "input": "Seether",
    "title": "Seether",
    "file": "Seether.txt",
    "status": "skipped-existing",
    "label": "Seether",
    "display": "Seether"
  },
  {
    "input": "Bob Seger",
    "title": "Bob_Seger",
    "file": "Bob_Seger.txt",
    "status": "skipped-existing",
    "label": "Bob Seger & the Silver Bullet Band",
    "display": "Bob Seger & the Silver Bullet Band"
  },
  {
    "input": "Sepultura",
    "title": "Sepultura",
    "file": "Sepultura.txt",
    "status": "skipped-existing",
    "label": "Sepultura",
    "display": "Sepultura"
  },
  {
    "input": "Sex Pistols",
    "title": "Sex_Pistols",
    "file": "Sex_Pistols.txt",
    "status": "skipped-existing",
    "label": "Sex Pistols",
    "display": "Sex Pistols"
  },
  {
    "input": "Shakin' Stevens",
    "title": "Shakin'_Stevens",
    "file": "Shakin'_Stevens.txt",
    "status": "skipped-existing",
    "label": "Shakin' Stevens",
    "display": "Shakin' Stevens"
  },
  {
    "input": "Shinedown",
    "title": "Shinedown",
    "file": "Shinedown.txt",
    "status": "skipped-existing",
    "label": "Shinedown",
    "display": "Shinedown"
  },
  {
    "input": "Silverchair",
    "title": "Silverchair",
    "file": "Silverchair.txt",
    "status": "skipped-existing",
    "label": "Silverchair",
    "display": "Silverchair"
  },
  {
    "input": "Simon & Garfunkel",
    "title": "Simon_&_Garfunkel",
    "file": "Simon_&_Garfunkel.txt",
    "status": "skipped-existing",
    "label": "Simon & Garfunkel",
    "display": "Simon & Garfunkel"
  },
  {
    "input": "Simple Minds",
    "title": "Simple_Minds",
    "file": "Simple_Minds.txt",
    "status": "skipped-existing",
    "label": "Simple Minds",
    "display": "Simple Minds"
  },
  {
    "input": "Simple Plan",
    "title": "Simple_Plan",
    "file": "Simple_Plan.txt",
    "status": "skipped-existing",
    "label": "Simple Plan",
    "display": "Simple Plan"
  },
  {
    "input": "Skid Row (American band)",
    "title": "Skid_Row_(American_band)",
    "file": "Skid_Row_(American_band).txt",
    "status": "skipped-existing",
    "label": "Skid Row",
    "display": "Skid Row"
  },
  {
    "input": "Skillet (band)",
    "title": "Skillet_(band)",
    "file": "Skillet_(band).txt",
    "status": "skipped-existing",
    "label": "Skillet",
    "display": "Skillet"
  },
  {
    "input": "Slade",
    "title": "Slade",
    "file": "Slade.txt",
    "status": "skipped-existing",
    "label": "Slade",
    "display": "Slade"
  },
  {
    "input": "Slayer",
    "title": "Slayer",
    "file": "Slayer.txt",
    "status": "skipped-existing",
    "label": "Slayer",
    "display": "Slayer"
  },
  {
    "input": "Slipknot (band)",
    "title": "Slipknot_(band)",
    "file": "Slipknot_(band).txt",
    "status": "skipped-existing",
    "label": "Slipknot",
    "display": "Slipknot"
  },
  {
    "input": "Sly and the Family Stone",
    "title": "Sly_and_the_Family_Stone",
    "file": "Sly_and_the_Family_Stone.txt",
    "status": "skipped-existing",
    "label": "Sly and the Family Stone",
    "display": "Sly and the Family Stone"
  },
  {
    "input": "Small Faces",
    "title": "Small_Faces",
    "file": "Small_Faces.txt",
    "status": "skipped-existing",
    "label": "Small Faces",
    "display": "Small Faces"
  },
  {
    "input": "Smash Mouth",
    "title": "Smash_Mouth",
    "file": "Smash_Mouth.txt",
    "status": "skipped-existing",
    "label": "Smash Mouth",
    "display": "Smash Mouth"
  },
  {
    "input": "The Smashing Pumpkins",
    "title": "The_Smashing_Pumpkins",
    "file": "The_Smashing_Pumpkins.txt",
    "status": "skipped-existing",
    "label": "The Smashing Pumpkins",
    "display": "The Smashing Pumpkins"
  },
  {
    "input": "The Smiths",
    "title": "The_Smiths",
    "file": "The_Smiths.txt",
    "status": "skipped-existing",
    "label": "The Smiths",
    "display": "The Smiths"
  },
  {
    "input": "Smokie (band)",
    "title": "Smokie_(band)",
    "file": "Smokie_(band).txt",
    "status": "skipped-existing",
    "label": "Smokie",
    "display": "Smokie"
  },
  {
    "input": "Snow Patrol",
    "title": "Snow_Patrol",
    "file": "Snow_Patrol.txt",
    "status": "skipped-existing",
    "label": "Snow Patrol",
    "display": "Snow Patrol"
  },
  {
    "input": "Social Distortion",
    "title": "Social_Distortion",
    "file": "Social_Distortion.txt",
    "status": "skipped-existing",
    "label": "Social Distortion",
    "display": "Social Distortion"
  },
  {
    "input": "Sonic Youth",
    "title": "Sonic_Youth",
    "file": "Sonic_Youth.txt",
    "status": "skipped-existing",
    "label": "Sonic Youth",
    "display": "Sonic Youth"
  },
  {
    "input": "Soundgarden",
    "title": "Soundgarden",
    "file": "Soundgarden.txt",
    "status": "skipped-existing",
    "label": "Soundgarden",
    "display": "Soundgarden"
  },
  {
    "input": "Bruce Springsteen",
    "title": "Bruce_Springsteen",
    "file": "Bruce_Springsteen.txt",
    "status": "skipped-existing",
    "label": "Bruce Springsteen",
    "display": "Bruce Springsteen"
  },
  {
    "input": "Billy Squier",
    "title": "Billy_Squier",
    "file": "Billy_Squier.txt",
    "status": "skipped-existing",
    "label": "Billy Squier",
    "display": "Billy Squier"
  },
  {
    "input": "Staind",
    "title": "Staind",
    "file": "Staind.txt",
    "status": "skipped-existing",
    "label": "Staind",
    "display": "Staind"
  },
  {
    "input": "Ringo Starr",
    "title": "Ringo_Starr",
    "file": "Ringo_Starr.txt",
    "status": "skipped-existing",
    "label": "Ringo Starr",
    "display": "Ringo Starr"
  },
  {
    "input": "Starset",
    "title": "Starset",
    "file": "Starset.txt",
    "status": "skipped-existing",
    "label": "Starset",
    "display": "Starset"
  },
  {
    "input": "Starship (band)",
    "title": "Starship_(band)",
    "file": "Starship_(band).txt",
    "status": "skipped-existing",
    "label": "Starship",
    "display": "Starship"
  },
  {
    "input": "Status Quo (band)",
    "title": "Status_Quo_(band)",
    "file": "Status_Quo_(band).txt",
    "status": "skipped-existing",
    "label": "Status Quo",
    "display": "Status Quo"
  },
  {
    "input": "Steely Dan",
    "title": "Steely_Dan",
    "file": "Steely_Dan.txt",
    "status": "skipped-existing",
    "label": "Steely Dan",
    "display": "Steely Dan"
  },
  {
    "input": "Steppenwolf (band)",
    "title": "Steppenwolf_(band)",
    "file": "Steppenwolf_(band).txt",
    "status": "skipped-existing",
    "label": "Steppenwolf",
    "display": "Steppenwolf"
  },
  {
    "input": "Steve Miller Band",
    "title": "Steve_Miller_Band",
    "file": "Steve_Miller_Band.txt",
    "status": "skipped-existing",
    "label": "Steve Miller Band",
    "display": "Steve Miller Band"
  },
  {
    "input": "Rod Stewart",
    "title": "Rod_Stewart",
    "file": "Rod_Stewart.txt",
    "status": "skipped-existing",
    "label": "Rod Stewart",
    "display": "Rod Stewart"
  },
  {
    "input": "Sting (musician)",
    "title": "Sting_(musician)",
    "file": "Sting_(musician).txt",
    "status": "skipped-existing",
    "label": "Sting",
    "display": "Sting"
  },
  {
    "input": "The Stone Roses",
    "title": "The_Stone_Roses",
    "file": "The_Stone_Roses.txt",
    "status": "skipped-existing",
    "label": "The Stone Roses",
    "display": "The Stone Roses"
  },
  {
    "input": "Stone Sour",
    "title": "Stone_Sour",
    "file": "Stone_Sour.txt",
    "status": "skipped-existing",
    "label": "Stone Sour",
    "display": "Stone Sour"
  },
  {
    "input": "Stone Temple Pilots",
    "title": "Stone_Temple_Pilots",
    "file": "Stone_Temple_Pilots.txt",
    "status": "skipped-existing",
    "label": "Stone Temple Pilots",
    "display": "Stone Temple Pilots"
  },
  {
    "input": "The Strokes",
    "title": "The_Strokes",
    "file": "The_Strokes.txt",
    "status": "skipped-existing",
    "label": "The Strokes",
    "display": "The Strokes"
  },
  {
    "input": "Styx (band)",
    "title": "Styx_(band)",
    "file": "Styx_(band).txt",
    "status": "skipped-existing",
    "label": "Styx",
    "display": "Styx"
  },
  {
    "input": "Sublime (band)",
    "title": "Sublime_(band)",
    "file": "Sublime_(band).txt",
    "status": "skipped-existing",
    "label": "Sublime",
    "display": "Sublime"
  },
  {
    "input": "Sublime with Rome",
    "title": "Sublime_with_Rome",
    "file": "Sublime_with_Rome.txt",
    "status": "skipped-existing",
    "label": "Sublime with Rome",
    "display": "Sublime with Rome"
  },
  {
    "input": "Sum 41",
    "title": "Sum_41",
    "file": "Sum_41.txt",
    "status": "skipped-existing",
    "label": "Sum 41",
    "display": "Sum 41"
  },
  {
    "input": "Supertramp",
    "title": "Supertramp",
    "file": "Supertramp.txt",
    "status": "skipped-existing",
    "label": "Supertramp",
    "display": "Supertramp"
  },
  {
    "input": "Survivor (band)",
    "title": "Survivor_(band)",
    "file": "Survivor_(band).txt",
    "status": "skipped-existing",
    "label": "Survivor",
    "display": "Survivor"
  },
  {
    "input": "The Sweet",
    "title": "The_Sweet",
    "file": "The_Sweet.txt",
    "status": "skipped-existing",
    "label": "Sweet",
    "display": "Sweet"
  },
  {
    "input": "System of a Down",
    "title": "System_of_a_Down",
    "file": "System_of_a_Down.txt",
    "status": "skipped-existing",
    "label": "System of a Down",
    "display": "System of a Down"
  },
  {
    "input": "T. Rex (band)",
    "title": "T._Rex_(band)",
    "file": "T._Rex_(band).txt",
    "status": "skipped-existing",
    "label": "T. Rex",
    "display": "T. Rex"
  },
  {
    "input": "Talking Heads",
    "title": "Talking_Heads",
    "file": "Talking_Heads.txt",
    "status": "skipped-existing",
    "label": "Talking Heads",
    "display": "Talking Heads"
  },
  {
    "input": "James Taylor",
    "title": "James_Taylor",
    "file": "James_Taylor.txt",
    "status": "skipped-existing",
    "label": "James Taylor",
    "display": "James Taylor"
  },
  {
    "input": "Ten Years After",
    "title": "Ten_Years_After",
    "file": "Ten_Years_After.txt",
    "status": "skipped-existing",
    "label": "Ten Years After",
    "display": "Ten Years After"
  },
  {
    "input": "Tenacious D",
    "title": "Tenacious_D",
    "file": "Tenacious_D.txt",
    "status": "skipped-existing",
    "label": "Tenacious D",
    "display": "Tenacious D"
  },
  {
    "input": "Tesla (band)",
    "title": "Tesla_(band)",
    "file": "Tesla_(band).txt",
    "status": "skipped-existing",
    "label": "Tesla",
    "display": "Tesla"
  },
  {
    "input": "Theory of a Deadman",
    "title": "Theory_of_a_Deadman",
    "file": "Theory_of_a_Deadman.txt",
    "status": "skipped-existing",
    "label": "Theory of a Deadman",
    "display": "Theory of a Deadman"
  },
  {
    "input": "Thin Lizzy",
    "title": "Thin_Lizzy",
    "file": "Thin_Lizzy.txt",
    "status": "skipped-existing",
    "label": "Thin Lizzy",
    "display": "Thin Lizzy"
  },
  {
    "input": "Third Eye Blind",
    "title": "Third_Eye_Blind",
    "file": "Third_Eye_Blind.txt",
    "status": "skipped-existing",
    "label": "Third Eye Blind",
    "display": "Third Eye Blind"
  },
  {
    "input": "Thirty Seconds to Mars",
    "title": "Thirty_Seconds_to_Mars",
    "file": "Thirty_Seconds_to_Mars.txt",
    "status": "skipped-existing",
    "label": "Thirty Seconds to Mars",
    "display": "Thirty Seconds to Mars"
  },
  {
    "input": "George Thorogood",
    "title": "George_Thorogood",
    "file": "George_Thorogood.txt",
    "status": "skipped-existing",
    "label": "George Thorogood and the Destroyers",
    "display": "George Thorogood and the Destroyers"
  },
  {
    "input": "Thousand Foot Krutch",
    "title": "Thousand_Foot_Krutch",
    "file": "Thousand_Foot_Krutch.txt",
    "status": "skipped-existing",
    "label": "Thousand Foot Krutch",
    "display": "Thousand Foot Krutch"
  },
  {
    "input": "Three Days Grace",
    "title": "Three_Days_Grace",
    "file": "Three_Days_Grace.txt",
    "status": "skipped-existing",
    "label": "Three Days Grace",
    "display": "Three Days Grace"
  },
  {
    "input": "Three Dog Night",
    "title": "Three_Dog_Night",
    "file": "Three_Dog_Night.txt",
    "status": "skipped-existing",
    "label": "Three Dog Night",
    "display": "Three Dog Night"
  },
  {
    "input": "Tool (band)",
    "title": "Tool_(band)",
    "file": "Tool_(band).txt",
    "status": "skipped-existing",
    "label": "Tool",
    "display": "Tool"
  },
  {
    "input": "Toto (band)",
    "title": "Toto_(band)",
    "file": "Toto_(band).txt",
    "status": "skipped-existing",
    "label": "Toto",
    "display": "Toto"
  },
  {
    "input": "Traffic (band)",
    "title": "Traffic_(band)",
    "file": "Traffic_(band).txt",
    "status": "skipped-existing",
    "label": "Traffic",
    "display": "Traffic"
  },
  {
    "input": "The Tragically Hip",
    "title": "The_Tragically_Hip",
    "file": "The_Tragically_Hip.txt",
    "status": "skipped-existing",
    "label": "The Tragically Hip",
    "display": "The Tragically Hip"
  },
  {
    "input": "Train (band)",
    "title": "Train_(band)",
    "file": "Train_(band).txt",
    "status": "skipped-existing",
    "label": "Train",
    "display": "Train"
  },
  {
    "input": "Traveling Wilburys",
    "title": "Traveling_Wilburys",
    "file": "Traveling_Wilburys.txt",
    "status": "skipped-existing",
    "label": "The Traveling Wilburys",
    "display": "The Traveling Wilburys"
  },
  {
    "input": "Travis (band)",
    "title": "Travis_(band)",
    "file": "Travis_(band).txt",
    "status": "skipped-existing",
    "label": "Travis",
    "display": "Travis"
  },
  {
    "input": "Trivium (band)",
    "title": "Trivium_(band)",
    "file": "Trivium_(band).txt",
    "status": "skipped-existing",
    "label": "Trivium",
    "display": "Trivium"
  },
  {
    "input": "Twenty One Pilots",
    "title": "Twenty_One_Pilots",
    "file": "Twenty_One_Pilots.txt",
    "status": "skipped-existing",
    "label": "Twenty One Pilots",
    "display": "Twenty One Pilots"
  },
  {
    "input": "Twisted Sister",
    "title": "Twisted_Sister",
    "file": "Twisted_Sister.txt",
    "status": "skipped-existing",
    "label": "Twisted Sister",
    "display": "Twisted Sister"
  },
  {
    "input": "U2",
    "title": "U2",
    "file": "U2.txt",
    "status": "skipped-existing",
    "label": "U2",
    "display": "U2"
  },
  {
    "input": "UB40",
    "title": "UB40",
    "file": "UB40.txt",
    "status": "skipped-existing",
    "label": "UB40",
    "display": "UB40"
  },
  {
    "input": "Uriah Heep (band)",
    "title": "Uriah_Heep_(band)",
    "file": "Uriah_Heep_(band).txt",
    "status": "skipped-existing",
    "label": "Uriah Heep",
    "display": "Uriah Heep"
  },
  {
    "input": "The Used",
    "title": "The_Used",
    "file": "The_Used.txt",
    "status": "skipped-existing",
    "label": "The Used",
    "display": "The Used"
  },
  {
    "input": "Steve Vai",
    "title": "Steve_Vai",
    "file": "Steve_Vai.txt",
    "status": "skipped-existing",
    "label": "Steve Vai",
    "display": "Steve Vai"
  },
  {
    "input": "Ritchie Valens",
    "title": "Ritchie_Valens",
    "file": "Ritchie_Valens.txt",
    "status": "skipped-existing",
    "label": "Ritchie Valens",
    "display": "Ritchie Valens"
  },
  {
    "input": "Vampire Weekend",
    "title": "Vampire_Weekend",
    "file": "Vampire_Weekend.txt",
    "status": "skipped-existing",
    "label": "Vampire Weekend",
    "display": "Vampire Weekend"
  },
  {
    "input": "Van Halen",
    "title": "Van_Halen",
    "file": "Van_Halen.txt",
    "status": "skipped-existing",
    "label": "Van Halen",
    "display": "Van Halen"
  },
  {
    "input": "Van Zant (band)",
    "title": "Van_Zant_(band)",
    "file": "Van_Zant_(band).txt",
    "status": "skipped-existing",
    "label": "Van Zant",
    "display": "Van Zant (band)"
  },
  {
    "input": "Stevie Ray Vaughan",
    "title": "Stevie_Ray_Vaughan",
    "file": "Stevie_Ray_Vaughan.txt",
    "status": "skipped-existing",
    "label": "Stevie Ray Vaughan and Double Trouble",
    "display": "Stevie Ray Vaughan and Double Trouble"
  },
  {
    "input": "Velvet Revolver",
    "title": "Velvet_Revolver",
    "file": "Velvet_Revolver.txt",
    "status": "skipped-existing",
    "label": "Velvet Revolver",
    "display": "Velvet Revolver"
  },
  {
    "input": "The Velvet Underground",
    "title": "The_Velvet_Underground",
    "file": "The_Velvet_Underground.txt",
    "status": "skipped-existing",
    "label": "The Velvet Underground",
    "display": "The Velvet Underground"
  },
  {
    "input": "The Verve",
    "title": "The_Verve",
    "file": "The_Verve.txt",
    "status": "skipped-existing",
    "label": "The Verve",
    "display": "The Verve"
  },
  {
    "input": "Gene Vincent",
    "title": "Gene_Vincent",
    "file": "Gene_Vincent.txt",
    "status": "skipped-existing",
    "label": "Gene Vincent",
    "display": "Gene Vincent"
  },
  {
    "input": "Volbeat",
    "title": "Volbeat",
    "file": "Volbeat.txt",
    "status": "skipped-existing",
    "label": "Volbeat",
    "display": "Volbeat"
  },
  {
    "input": "Joe Walsh",
    "title": "Joe_Walsh",
    "file": "Joe_Walsh.txt",
    "status": "skipped-existing",
    "label": "Joe Walsh",
    "display": "Joe Walsh"
  },
  {
    "input": "Warrant (American band)",
    "title": "Warrant_(American_band)",
    "file": "Warrant_(American_band).txt",
    "status": "skipped-existing",
    "label": "Warrant",
    "display": "Warrant"
  },
  {
    "input": "W.A.S.P. (band)",
    "title": "W.A.S.P._(band)",
    "file": "W.A.S.P._(band).txt",
    "status": "skipped-existing",
    "label": "W.A.S.P.",
    "display": "W.A.S.P. (band)"
  },
  {
    "input": "Weezer",
    "title": "Weezer",
    "file": "Weezer.txt",
    "status": "skipped-existing",
    "label": "Weezer",
    "display": "Weezer"
  },
  {
    "input": "Jack White",
    "title": "Jack_White",
    "file": "Jack_White.txt",
    "status": "skipped-existing",
    "label": "Jack White",
    "display": "Jack White"
  },
  {
    "input": "The White Stripes",
    "title": "The_White_Stripes",
    "file": "The_White_Stripes.txt",
    "status": "skipped-existing",
    "label": "The White Stripes",
    "display": "The White Stripes"
  },
  {
    "input": "White Zombie (band)",
    "title": "White_Zombie_(band)",
    "file": "White_Zombie_(band).txt",
    "status": "skipped-existing",
    "label": "White Zombie",
    "display": "White Zombie"
  },
  {
    "input": "Whitesnake",
    "title": "Whitesnake",
    "file": "Whitesnake.txt",
    "status": "skipped-existing",
    "label": "Whitesnake",
    "display": "Whitesnake"
  },
  {
    "input": "The Who",
    "title": "The_Who",
    "file": "The_Who.txt",
    "status": "skipped-existing",
    "label": "The Who",
    "display": "The Who"
  },
  {
    "input": "Paul McCartney and Wings",
    "title": "Paul_McCartney_and_Wings",
    "file": "Paul_McCartney_and_Wings.txt",
    "status": "skipped-existing",
    "label": "Wings",
    "display": "Wings"
  },
  {
    "input": "Steve Winwood",
    "title": "Steve_Winwood",
    "file": "Steve_Winwood.txt",
    "status": "skipped-existing",
    "label": "Steve Winwood",
    "display": "Steve Winwood"
  },
  {
    "input": "X (American band)",
    "title": "X_(American_band)",
    "file": "X_(American_band).txt",
    "status": "skipped-existing",
    "label": "X",
    "display": "X (American band)"
  },
  {
    "input": "X Ambassadors",
    "title": "X_Ambassadors",
    "file": "X_Ambassadors.txt",
    "status": "skipped-existing",
    "label": "X Ambassadors",
    "display": "X Ambassadors"
  },
  {
    "input": "The Yardbirds",
    "title": "The_Yardbirds",
    "file": "The_Yardbirds.txt",
    "status": "skipped-existing",
    "label": "The Yardbirds",
    "display": "The Yardbirds"
  },
  {
    "input": "Yes (band)",
    "title": "Yes_(band)",
    "file": "Yes_(band).txt",
    "status": "skipped-existing",
    "label": "Yes",
    "display": "Yes"
  },
  {
    "input": "Neil Young",
    "title": "Neil_Young",
    "file": "Neil_Young.txt",
    "status": "skipped-existing",
    "label": "Neil Young",
    "display": "Neil Young"
  },
  {
    "input": "Frank Zappa",
    "title": "Frank_Zappa",
    "file": "Frank_Zappa.txt",
    "status": "skipped-existing",
    "label": "Frank Zappa",
    "display": "Frank Zappa"
  },
  {
    "input": "Rob Zombie",
    "title": "Rob_Zombie",
    "file": "Rob_Zombie.txt",
    "status": "skipped-existing",
    "label": "Rob Zombie",
    "display": "Rob Zombie"
  },
  {
    "input": "The Zombies",
    "title": "The_Zombies",
    "file": "The_Zombies.txt",
    "status": "skipped-existing",
    "label": "The Zombies",
    "display": "The Zombies"
  },
  {
    "input": "ZZ Top",
    "title": "ZZ_Top",
    "file": "ZZ_Top.txt",
    "status": "skipped-existing",
    "label": "ZZ Top",
    "display": "ZZ Top"
  }
]