{
  "The Rolling Stones": [
    "rock",
    "pop",
    "blues"
  ],
  "The Animals": [
    "blues rock",
    "r and b",
    "psychedelic rock",
    "progressive rock",
    "rock and roll"
  ],
  "AC/DC": [
    "hard rock",
    "blues rock",
    "rock and roll",
    "heavy metal"
  ],
  "Elvis_Presley": [
    "rock",
    "roll",
    "pop",
    "rockabilly",
    "country",
    "gospel",
    "r and b",
    "soul",
    "blues"
  ],
  "Bill_Haley_&_His_Comets": [
    "rock",
    "roll",
    "rockabilly",
    "western swing"
  ],
  "Chuck_Berry": [
    "rock",
    "roll",
    "rhythm",
    "blues"
  ],
  "Bo_Diddley": [
    "rock",
    "roll",
    "blues",
    "psychedelic funk"
  ],
  "Fats_Domino": [
    "rock",
    "roll",
    "new orleans r and b",
    "boogie-woogie",
    "blues"
  ],
  "Little_Richard": [
    "rock",
    "roll",
    "rhythm",
    "blues",
    "gospel",
    "soul"
  ],
  "Jerry_Lee_Lewis": [
    "rock",
    "roll",
    "rockabilly",
    "country",
    "gospel",
    "honky-tonk",
    "blues",
    "boogie-woogie"
  ],
  "Gene_Vincent": [
    "rockabilly",
    "rock and roll",
    "country"
  ],
  "Roy_Orbison": [
    "rock",
    "pop",
    "country",
    "rock and roll",
    "rockabilly"
  ],
  "Buddy_Holly": [
    "rock",
    "roll",
    "rockabilly",
    "pop"
  ],
  "Ritchie_Valens": [
    "rock",
    "roll",
    "chicano rock"
  ],
  "John_Lennon": [
    "rock",
    "pop",
    "experimental"
  ],
  "Chubby_Checker": [
    "rock",
    "roll"
  ],
  "Duane_Eddy": [
    "instrumental rock",
    "rockabilly",
    "rock and roll",
    "country"
  ],
  "Herman's_Hermits": [
    "beat",
    "pop rock",
    "bubblegum"
  ],
  "Manfred_Mann": [
    "blues rock",
    "r and b",
    "pop",
    "beat",
    "psychedelia"
  ],
  "Donovan": [
    "folk",
    "pop",
    "psychedelia",
    "rock"
  ],
  "Bob_Dylan": [
    "folk",
    "blues",
    "rock",
    "gospel",
    "country",
    "traditional pop"
  ],
  "Cream_(band)": [
    "psychedelic rock",
    "blues rock",
    "acid rock",
    "hard rock",
    "jam rock"
  ],
  "John_Mayall": [
    "british blues",
    "blues rock",
    "jazz rock"
  ],
  "John_Mayall_&_the_Bluesbreakers": [
    "british blues",
    "blues rock"
  ],
  "Eric_Clapton": [
    "rock",
    "blues"
  ],
  "Fleetwood_Mac": [
    "pop rock",
    "soft rock",
    "blues rock",
    "art pop"
  ],
  "Led_Zeppelin": [
    "hard rock",
    "blues rock",
    "folk rock",
    "heavy metal"
  ],
  "Canned_Heat": [
    "blues rock",
    "boogie rock"
  ],
  "Jefferson_Airplane": [
    "psychedelic rock",
    "acid rock",
    "folk rock"
  ],
  "Janis_Joplin": [
    "psychedelic rock",
    "blues rock",
    "soul",
    "blues"
  ],
  "Jimi_Hendrix": [
    "rock",
    "psychedelia",
    "blues",
    "r and b"
  ],
  "Lynyrd_Skynyrd": [
    "southern rock",
    "blues rock",
    "country rock",
    "hard rock"
  ],
  "ZZ_Top": [
    "blues rock",
    "hard rock",
    "boogie rock",
    "southern rock"
  ],
  "Deep_Purple": [
    "hard rock",
    "heavy metal",
    "progressive rock"
  ],
  "George_Thorogood": [
    "blues rock",
    "hard rock",
    "boogie rock",
    "rock and roll"
  ],
  "Status_Quo_(band)": [
    "rock",
    "boogie rock",
    "hard rock",
    "psychedelia"
  ],
  "Pink_Floyd": [
    "progressive rock",
    "art rock",
    "psychedelic rock",
    "space rock",
    "experimental rock"
  ],
  "The_Moody_Blues": [
    "progressive rock",
    "art rock",
    "psychedelic rock",
    "pop rock"
  ],
  "Yes_(band)": [
    "progressive rock",
    "art rock",
    "symphonic rock",
    "pop rock"
  ],
  "Emerson,_Lake_&_Palmer": [
    "progressive rock",
    "art rock"
  ],
  "Jethro_Tull_(band)": [
    "progressive rock",
    "folk rock",
    "hard rock",
    "blues rock"
  ],
  "Genesis_(band)": [
    "progressive rock",
    "art rock",
    "pop rock",
    "soft rock"
  ],
  "Frank_Zappa": [
    "rock",
    "progressive rock",
    "blues",
    "experimental",
    "jazz",
    "fusion",
    "classical",
    "pop",
    "avant-garde",
    "doo-wop",
    "comedy",
    "electronic",
    "musique concrète"
  ],
  "Boston_(band)": [
    "hard rock",
    "arena rock"
  ],
  "Foreigner_(band)": [
    "hard rock",
    "soft rock",
    "arena rock"
  ],
  "Kansas_(band)": [
    "progressive rock",
    "art rock",
    "hard rock",
    "arena rock"
  ],
  "Journey_(band)": [
    "arena rock",
    "hard rock",
    "soft rock",
    "progressive rock",
    "jazz rock"
  ],
  "Styx_(band)": [
    "progressive rock",
    "art rock",
    "hard rock",
    "arena rock",
    "pop rock"
  ],
  "Supertramp": [
    "progressive pop",
    "progressive rock",
    "soft rock",
    "pop"
  ],
  "Electric_Light_Orchestra": [
    "progressive pop",
    "progressive rock",
    "orchestral pop",
    "art rock"
  ],
  "Roxy_Music": [
    "art rock",
    "glam rock",
    "pop rock",
    "sophisti-pop"
  ],
  "Simple_Minds": [
    "post-punk",
    "art rock",
    "arena rock",
    "synth-pop"
  ],
  "Chicago_(band)": [
    "rock",
    "soft rock",
    "pop rock",
    "jazz rock"
  ],
  "Steely_Dan": [
    "jazz rock",
    "yacht rock",
    "soft rock",
    "pop",
    "jazz fusion"
  ],
  "Aerosmith": [
    "hard rock",
    "blues rock",
    "heavy metal"
  ],
  "Bee_Gees": [
    "disco",
    "pop",
    "soul",
    "rock",
    "soft rock"
  ],
  "Creedence_Clearwater_Revival": [
    "swamp rock",
    "roots rock",
    "blues rock",
    "country rock",
    "southern rock"
  ],
  "Neil_Young": [
    "rock",
    "folk rock",
    "country rock"
  ],
  "Linda_Ronstadt": [
    "country",
    "rock",
    "pop"
  ],
  "Eagles_(band)": [
    "rock",
    "country rock",
    "soft rock",
    "folk rock"
  ],
  "Alice_Cooper": [
    "hard rock",
    "shock rock",
    "glam rock",
    "heavy metal"
  ],
  "T._Rex_(band)": [
    "glam rock",
    "pop",
    "psychedelic folk"
  ],
  "David_Bowie": [
    "art rock",
    "glam rock",
    "pop",
    "electronic"
  ],
  "The_Sweet": [
    "glam rock",
    "hard rock",
    "power pop",
    "bubblegum"
  ],
  "Slade": [
    "glam rock"
  ],
  "Lou_Reed": [
    "rock",
    "art rock",
    "proto-punk",
    "glam rock"
  ],
  "New_York_Dolls": [
    "hard rock",
    "proto-punk",
    "glam rock",
    "glam punk"
  ],
  "Gary_Glitter": [
    "glam rock",
    "rock and roll",
    "pop rock",
    "hard rock",
    "disco"
  ],
  "Rod_Stewart": [
    "rock",
    "pop",
    "blue-eyed soul",
    "blues rock",
    "folk rock",
    "soft rock",
    "disco",
    "traditional pop"
  ],
  "Elton_John": [
    "pop rock",
    "glam rock",
    "soft rock",
    "blues"
  ],
  "Queen_(band)": [
    "rock",
    "pop"
  ],
  "Kiss_(band)": [
    "hard rock",
    "heavy metal",
    "shock rock",
    "glam metal"
  ],
  "Adam_Ant": [
    "new wave",
    "post-punk",
    "alternative rock",
    "dance-rock"
  ],
  "The_Velvet_Underground": [
    "art rock",
    "proto-punk",
    "experimental rock"
  ],
  "Black_Sabbath": [
    "heavy metal"
  ],
  "James_Taylor": [
    "soft rock",
    "folk"
  ],
  "Billy_Joel": [
    "rock",
    "soft rock",
    "pop rock"
  ],
  "America_(band)": [
    "soft rock",
    "folk rock",
    "pop rock",
    "country rock"
  ],
  "Thin_Lizzy": [
    "hard rock",
    "blues rock",
    "heavy metal",
    "folk rock"
  ],
  "AC_DC": [
    "hard rock",
    "blues rock",
    "rock and roll",
    "heavy metal"
  ],
  "Van_Halen": [
    "hard rock",
    "heavy metal",
    "pop rock",
    "arena rock",
    "glam metal"
  ],
  "Steppenwolf_(band)": [
    "psychedelic rock",
    "blues rock",
    "acid rock",
    "hard rock",
    "heavy metal",
    "garage rock"
  ],
  "Grand_Funk_Railroad": [
    "hard rock",
    "arena rock"
  ],
  "Judas_Priest": [
    "heavy metal"
  ],
  "Motörhead": [
    "heavy metal",
    "hard rock",
    "speed metal"
  ],
  "Rainbow_(rock_band)": [
    "hard rock",
    "heavy metal"
  ],
  "Ted_Nugent": [
    "hard rock"
  ],
  "Blue_Öyster_Cult": [
    "hard rock",
    "heavy metal",
    "occult rock",
    "psychedelic rock",
    "progressive rock",
    "acid rock"
  ],
  "Rush_(band)": [
    "progressive rock",
    "hard rock",
    "heavy metal"
  ],
  "Scorpions_(band)": [
    "hard rock",
    "heavy metal"
  ],
  "Bon_Jovi": [
    "hard rock",
    "glam metal",
    "arena rock",
    "pop rock"
  ],
  "Guns_N'_Roses": [
    "hard rock",
    "heavy metal"
  ],
  "Metallica": [
    "heavy metal",
    "thrash metal",
    "speed metal",
    "hard rock"
  ],
  "Mötley_Crüe": [
    "heavy metal",
    "glam metal",
    "hard rock"
  ],
  "Def_Leppard": [
    "hard rock",
    "glam metal",
    "arena rock",
    "power pop",
    "heavy metal"
  ],
  "REO_Speedwagon": [
    "arena rock",
    "pop rock",
    "hard rock",
    "aor",
    "blues rock"
  ],
  "Van_Morrison": [
    "blue-eyed soul",
    "celtic",
    "rock",
    "r and b",
    "folk",
    "blues",
    "jazz",
    "country",
    "gospel",
    "christian"
  ],
  "Bruce_Springsteen": [
    "rock",
    "heartland rock",
    "folk",
    "pop rock"
  ],
  "Bob_Seger": [
    "rock",
    "heartland rock",
    "roots rock"
  ],
  "Tom_Petty": [
    "rock",
    "heartland rock",
    "roots rock",
    "country rock",
    "southern rock"
  ],
  "John_Mellencamp": [
    "heartland rock",
    "roots rock",
    "folk rock"
  ],
  "Sex_Pistols": [
    "punk rock"
  ],
  "Ramones": [
    "punk rock",
    "pop-punk"
  ],
  "Blondie_(band)": [
    "new wave",
    "punk rock",
    "pop rock",
    "pop",
    "disco"
  ],
  "Talking_Heads": [
    "new wave",
    "post-punk",
    "avant-funk",
    "art pop",
    "worldbeat"
  ],
  "Elvis_Costello": [
    "rock",
    "pop",
    "new wave",
    "power pop",
    "punk rock",
    "pub rock"
  ],
  "Duran_Duran": [
    "pop rock",
    "synth-pop",
    "new wave",
    "dance-rock"
  ],
  "Dire_Straits": [
    "roots rock",
    "blues rock",
    "pub rock"
  ],
  "Joy_Division": [
    "post-punk",
    "new wave",
    "gothic rock"
  ],
  "U2": [
    "rock",
    "alternative rock",
    "pop rock",
    "post-punk"
  ],
  "R.E.M.": [
    "alternative rock",
    "jangle pop",
    "folk rock",
    "college rock",
    "post-punk"
  ],
  "Jane's_Addiction": [
    "alternative rock",
    "alternative metal",
    "funk metal",
    "psychedelic rock"
  ],
  "Sonic_Youth": [
    "noise rock",
    "alternative rock",
    "experimental rock",
    "indie rock",
    "post-punk",
    "no wave"
  ],
  "Pixies_(band)": [
    "alternative rock",
    "indie rock",
    "noise pop",
    "punk rock",
    "surf rock"
  ],
  "Nirvana_(band)": [
    "grunge",
    "alternative rock",
    "punk rock"
  ],
  "Soundgarden": [
    "grunge",
    "heavy metal",
    "alternative metal",
    "alternative rock"
  ],
  "Pearl_Jam": [
    "grunge",
    "alternative rock",
    "hard rock"
  ],
  "Alice_in_Chains": [
    "grunge",
    "alternative metal",
    "heavy metal",
    "alternative rock",
    "sludge metal"
  ],
  "The_Smiths": [
    "indie pop",
    "indie rock",
    "jangle pop",
    "alternative rock"
  ],
  "Blur_(band)": [
    "britpop",
    "indie rock",
    "alternative rock",
    "art pop"
  ],
  "Oasis_(band)": [
    "rock",
    "britpop"
  ],
  "Foo_Fighters": [
    "alternative rock",
    "post-grunge",
    "hard rock"
  ],
  "Audioslave": [
    "hard rock",
    "alternative metal",
    "post-grunge",
    "alternative rock"
  ],
  "Collective_Soul": [
    "alternative rock",
    "hard rock",
    "post-grunge"
  ],
  "Silverchair": [
    "alternative rock",
    "grunge",
    "art rock",
    "post-grunge"
  ],
  "Bush_(British_band)": [
    "post-grunge",
    "grunge",
    "hard rock",
    "alternative rock"
  ],
  "Alanis_Morissette": [
    "alternative rock",
    "electronica",
    "trip hop",
    "indie pop",
    "pop rock"
  ],
  "Creed_(band)": [
    "post-grunge",
    "hard rock",
    "alternative rock",
    "alternative metal"
  ],
  "Nickelback": [
    "post-grunge",
    "hard rock",
    "alternative rock",
    "alternative metal",
    "pop rock"
  ],
  "Shinedown": [
    "hard rock",
    "alternative metal",
    "post-grunge",
    "alternative rock",
    "pop rock"
  ],
  "Seether": [
    "post-grunge",
    "hard rock",
    "alternative metal",
    "alternative rock",
    "nu metal"
  ],
  "3_Doors_Down": [
    "post-grunge",
    "hard rock",
    "alternative rock"
  ],
  "Puddle_of_Mudd": [
    "post-grunge",
    "hard rock",
    "alternative rock"
  ],
  "Green_Day": [
    "punk rock",
    "pop-punk",
    "alternative rock",
    "skate punk",
    "power pop"
  ],
  "Blink-182": [
    "pop-punk",
    "punk rock",
    "skate punk",
    "alternative rock"
  ],
  "Good_Charlotte": [
    "pop-punk",
    "alternative rock",
    "emo",
    "pop rock"
  ],
  "Simple_Plan": [
    "pop-punk",
    "alternative rock",
    "pop rock",
    "power pop",
    "emo"
  ],
  "Sum_41": [
    "pop-punk",
    "skate punk",
    "punk rock",
    "alternative metal",
    "melodic hardcore",
    "alternative rock"
  ],
  "Fall_Out_Boy": [
    "pop-punk",
    "pop rock",
    "emo",
    "alternative rock"
  ],
  "Beck": [
    "alternative rock",
    "folk rock",
    "psychedelia",
    "electronic",
    "alt-country",
    "lo-fi"
  ],
  "Arcade_Fire": [
    "indie rock",
    "art rock",
    "dance-rock",
    "baroque pop"
  ],
  "Primus_(band)": [
    "alternative metal",
    "funk metal",
    "experimental rock",
    "progressive rock"
  ],
  "Nine_Inch_Nails": [
    "industrial rock",
    "industrial",
    "alternative rock",
    "electronic rock",
    "industrial metal",
    "ambient"
  ],
  "Pantera": [
    "groove metal",
    "thrash metal",
    "glam metal"
  ],
  "Sepultura": [
    "groove metal",
    "thrash metal",
    "death metal",
    "alternative metal"
  ],
  "White_Zombie_(band)": [
    "groove metal",
    "stoner rock",
    "dance rock",
    "industrial metal",
    "alternative metal",
    "noise rock"
  ],
  "Limp_Bizkit": [
    "nu metal",
    "rap rock",
    "rap metal"
  ],
  "Faith_No_More": [
    "alternative metal",
    "funk metal",
    "alternative rock",
    "experimental rock"
  ],
  "Beastie_Boys": [
    "hip hop",
    "rap rock",
    "alternative hip hop",
    "hardcore punk"
  ],
  "Anthrax_(American_band)": [
    "thrash metal",
    "speed metal",
    "groove metal",
    "alternative metal"
  ],
  "Living_Colour": [
    "hard rock",
    "funk metal",
    "alternative metal"
  ],
  "Rage_Against_the_Machine": [
    "rap metal",
    "rap rock",
    "funk metal",
    "alternative metal"
  ],
  "Red_Hot_Chili_Peppers": [
    "funk rock",
    "alternative rock",
    "rap rock",
    "funk metal"
  ],
  "311_(band)": [
    "alternative rock",
    "rap rock",
    "reggae rock",
    "funk rock",
    "funk metal"
  ],
  "Bloodhound_Gang": [
    "alternative rock",
    "rap rock",
    "pop-punk",
    "new wave"
  ],
  "Kid_Rock": [
    "rock",
    "hip hop",
    "country",
    "heavy metal"
  ],
  "Korn": [
    "nu metal",
    "alternative metal"
  ],
  "Slipknot_(band)": [
    "nu metal",
    "alternative metal",
    "groove metal"
  ],
  "Linkin_Park": [
    "alternative rock",
    "nu metal",
    "rap rock",
    "alternative metal",
    "electronic rock",
    "pop rock"
  ],
  "P.O.D.": [
    "nu metal",
    "rap rock",
    "alternative metal",
    "christian metal",
    "hardcore punk"
  ],
  "Staind": [
    "alternative metal",
    "post-grunge",
    "nu metal",
    "hard rock"
  ],
  "Disturbed_(band)": [
    "heavy metal",
    "alternative metal",
    "hard rock",
    "nu metal"
  ],
  "Godsmack": [
    "alternative metal",
    "hard rock",
    "post-grunge",
    "nu metal"
  ],
  "Papa_Roach": [
    "alternative rock",
    "nu metal",
    "alternative metal",
    "rap metal",
    "hard rock"
  ],
  "Small_Faces": [
    "rock",
    "r and b",
    "beat",
    "pop",
    "psychedelia",
    "proto-punk",
    "progressive pop"
  ],
  "Radiohead": [
    "art rock",
    "alternative rock",
    "electronica",
    "experimental rock"
  ],
  "Travis_(band)": [
    "post-britpop",
    "pop rock",
    "alternative rock"
  ],
  "Snow_Patrol": [
    "alternative rock",
    "power pop",
    "post-britpop",
    "indie rock"
  ],
  "Keane_(band)": [
    "alternative rock",
    "rock",
    "post-britpop",
    "soft rock"
  ],
  "Coldplay": [
    "alternative rock",
    "pop rock",
    "post-britpop",
    "pop"
  ],
  "Jimmy_Eat_World": [
    "alternative rock",
    "emo",
    "pop-punk",
    "power pop",
    "pop rock"
  ],
  "Dashboard_Confessional": [
    "emo",
    "alternative rock",
    "indie rock",
    "acoustic rock"
  ],
  "Interpol_(band)": [
    "indie rock",
    "post-punk revival"
  ],
  "Kings_of_Leon": [
    "alternative rock",
    "southern rock",
    "indie rock",
    "garage rock revival"
  ],
  "Arctic_Monkeys": [
    "indie rock",
    "garage rock",
    "post-punk revival",
    "psychedelic rock",
    "lounge pop"
  ],
  "Kaiser_Chiefs": [
    "indie rock",
    "pop rock",
    "post-punk revival",
    "art punk",
    "power pop",
    "pop punk",
    "alternative rock"
  ],
  "Franz_Ferdinand_(band)": [
    "indie rock",
    "post-punk revival",
    "dance-punk",
    "art rock",
    "art punk"
  ],
  "Bring_Me_the_Horizon": [
    "metalcore",
    "alternative metal",
    "alternative rock",
    "post-hardcore",
    "pop rock",
    "electronic rock",
    "deathcore"
  ],
  "Ghost_(Swedish_band)": [
    "hard rock",
    "heavy metal",
    "arena rock",
    "pop rock",
    "progressive rock"
  ],
  "Twenty_One_Pilots": [
    "alternative rock",
    "electropop",
    "alternative hip hop",
    "pop rap",
    "indie pop",
    "pop rock"
  ],
  "Imagine_Dragons": [
    "pop rock",
    "electropop",
    "pop",
    "arena rock",
    "alternative rock",
    "indie pop"
  ],
  "Halestorm": [
    "hard rock",
    "heavy metal",
    "alternative metal",
    "post-grunge",
    "alternative rock"
  ],
  "Panic!_at_the_Disco": [
    "pop rock",
    "baroque pop",
    "electropop",
    "alternative rock",
    "emo",
    "pop-punk"
  ],
  "Greta_Van_Fleet": [
    "hard rock",
    "blues rock",
    "progressive rock"
  ],
  "Queens_of_the_Stone_Age": [
    "alternative rock",
    "stoner rock",
    "desert rock",
    "hard rock",
    "alternative metal"
  ],
  "Hole_(band)": [
    "alternative rock",
    "grunge",
    "punk rock",
    "noise rock",
    "power pop"
  ],
  "10cc": [
    "art rock",
    "art pop",
    "progressive pop",
    "soft rock",
    "pop rock"
  ],
  "The_Yardbirds": [
    "blues rock",
    "psychedelic rock",
    "r and b"
  ],
  "Simon_&_Garfunkel": [
    "folk rock"
  ],
  "The_Hollies": [
    "rock",
    "pop"
  ],
  "George_Harrison": [
    "rock",
    "pop",
    "indian classical"
  ],
  "Asia_(band)": [
    "progressive rock",
    "aor",
    "pop rock"
  ],
  "The_Police": [
    "new wave",
    "reggae rock",
    "pop rock"
  ],
  "Peter_Gabriel": [
    "progressive rock",
    "art rock",
    "worldbeat",
    "progressive soul"
  ],
  "The_Clash": [
    "punk rock",
    "new wave",
    "post-punk",
    "reggae",
    "experimental rock"
  ],
  "Paul_McCartney": [
    "rock",
    "pop",
    "classical",
    "electronic"
  ],
  "Ringo_Starr": [
    "rock",
    "pop"
  ],
  "ABBA": [
    "pop",
    "disco",
    "pop rock",
    "europop"
  ],
  "Toto_(band)": [
    "arena rock",
    "pop rock",
    "hard rock",
    "jazz fusion",
    "progressive rock"
  ],
  "10_Years_(band)": [
    "alternative metal",
    "progressive metal",
    "post-grunge",
    "nu metal"
  ],
  "Breaking_Benjamin": [
    "hard rock",
    "post-grunge",
    "alternative metal",
    "alternative rock"
  ],
  "Mudvayne": [
    "alternative metal",
    "nu metal",
    "progressive metal",
    "hard rock"
  ],
  "Deftones": [
    "alternative metal",
    "art rock",
    "shoegaze",
    "nu metal"
  ],
  "Stone_Temple_Pilots": [
    "alternative rock",
    "grunge",
    "hard rock",
    "alternative metal",
    "psychedelic rock"
  ],
  "Thousand_Foot_Krutch": [
    "christian rock",
    "christian metal",
    "heavy metal",
    "hard rock",
    "alternative rock",
    "nu metal",
    "rap metal"
  ],
  "Daughtry_(band)": [
    "post-grunge",
    "hard rock",
    "pop rock"
  ],
  "Alter_Bridge": [
    "hard rock",
    "heavy metal",
    "alternative metal",
    "progressive metal",
    "alternative rock",
    "post-grunge"
  ],
  "Hinder": [
    "post-grunge",
    "hard rock"
  ],
  "The_Cure": [
    "gothic rock",
    "post-punk",
    "alternative rock",
    "new wave"
  ],
  "The_Offspring": [
    "punk rock",
    "skate punk",
    "pop-punk",
    "alternative rock"
  ],
  "Incubus_(band)": [
    "alternative rock",
    "alternative metal",
    "funk metal",
    "nu metal"
  ],
  "The_Rolling_Stones": [
    "rock",
    "pop",
    "blues"
  ],
  "Sublime_with_Rome": [
    "reggae rock",
    "alternative rock",
    "hip hop",
    "dub",
    "ska punk",
    "punk rock"
  ],
  "38_Special_(band)": [
    "hard rock",
    "southern rock",
    "boogie rock",
    "blues rock"
  ],
  "Peter_Frampton": [
    "rock"
  ],
  "Survivor_(band)": [
    "rock",
    "arena rock",
    "hard rock"
  ],
  "Bryan_Adams": [
    "rock",
    "pop rock",
    "soft rock",
    "arena rock",
    "heartland rock"
  ],
  "Huey_Lewis_and_the_News": [
    "rock",
    "new wave",
    "rhythm and blues",
    "doo-wop"
  ],
  "Jefferson_Starship": [
    "rock",
    "hard rock",
    "psychedelic rock",
    "progressive rock",
    "soft rock"
  ],
  "The_Beatles": [
    "rock",
    "pop",
    "beat",
    "psychedelia"
  ],
  "Robert_Plant": [
    "rock",
    "blues",
    "folk",
    "country",
    "hard rock",
    "heavy metal"
  ],
  "Iron_Maiden": [
    "heavy metal"
  ],
  "Accept_(band)": [
    "heavy metal"
  ],
  "Slayer": [
    "thrash metal"
  ],
  "W.A.S.P._(band)": [
    "heavy metal",
    "glam metal",
    "shock rock"
  ],
  "Damn_Yankees_(band)": [
    "hard rock",
    "arena rock",
    "glam metal"
  ],
  "Megadeth": [
    "thrash metal",
    "speed metal",
    "heavy metal"
  ],
  "Ozzy_Osbourne": [
    "heavy metal",
    "hard rock"
  ],
  "Stone_Sour": [
    "alternative metal",
    "hard rock",
    "post-grunge",
    "alternative rock"
  ],
  "Cheap_Trick": [
    "rock",
    "hard rock",
    "power pop"
  ],
  "Dio_(band)": [
    "heavy metal"
  ],
  "Joe_Cocker": [
    "rock",
    "blues",
    "blue-eyed soul",
    "pop"
  ],
  "Loverboy": [
    "arena rock",
    "hard rock",
    "pop rock",
    "new wave"
  ],
  "Bachman–Turner_Overdrive": [
    "rock",
    "hard rock",
    "boogie rock"
  ],
  "Uriah_Heep_(band)": [
    "hard rock",
    "progressive rock",
    "heavy metal"
  ],
  "Stevie_Nicks": [
    "rock",
    "pop",
    "folk"
  ],
  "The_Who": [
    "rock",
    "hard rock",
    "power pop",
    "proto-punk"
  ],
  "Extreme_(band)": [
    "hard rock",
    "funk metal",
    "glam metal"
  ],
  "Sting_(musician)": [
    "pop",
    "new wave",
    "post-punk",
    "soft rock"
  ],
  "The_Beach_Boys": [
    "rock",
    "pop",
    "surf",
    "psychedelia"
  ],
  "Iggy_Pop": [
    "rock",
    "punk rock",
    "proto-punk",
    "hard rock",
    "garage rock"
  ],
  "Rammstein": [
    "neue deutsche härte",
    "industrial metal"
  ],
  "Billy_Idol": [
    "new wave",
    "hard rock",
    "pop rock",
    "punk rock"
  ],
  "Pat_Benatar": [
    "rock",
    "hard rock",
    "pop rock"
  ],
  "The_Tragically_Hip": [
    "alternative rock",
    "roots rock",
    "folk rock"
  ],
  "Run-DMC": [
    "hip hop",
    "rap rock"
  ],
  "Harry_Nilsson": [
    "rock",
    "pop"
  ],
  "Train_(band)": [
    "rock",
    "alternative rock",
    "pop rock",
    "roots rock"
  ],
  "Lenny_Kravitz": [
    "rock",
    "funk",
    "soul"
  ],
  "Joan_Jett": [
    "rock",
    "hard rock",
    "punk rock"
  ],
  "The_Black_Crowes": [
    "southern rock",
    "blues rock",
    "hard rock",
    "roots rock",
    "jam band"
  ],
  "Ratt": [
    "glam metal",
    "heavy metal",
    "hard rock"
  ],
  "Tesla_(band)": [
    "hard rock",
    "blues rock",
    "glam metal"
  ],
  "Cinderella_(band)": [
    "glam metal",
    "hard rock",
    "blues rock"
  ],
  "Skid_Row_(American_band)": [
    "heavy metal",
    "hard rock",
    "glam metal"
  ],
  "Warrant_(American_band)": [
    "glam metal",
    "hard rock",
    "heavy metal"
  ],
  "Velvet_Revolver": [
    "hard rock",
    "alternative metal"
  ],
  "Heart_(band)": [
    "rock",
    "hard rock",
    "folk rock",
    "pop rock"
  ],
  "AFI_(band)": [
    "punk rock",
    "gothic rock",
    "horror punk",
    "post-hardcore",
    "emo",
    "hardcore punk"
  ],
  "My_Chemical_Romance": [
    "alternative rock",
    "emo",
    "pop-punk",
    "post-hardcore",
    "hard rock"
  ],
  "Echo_&_the_Bunnymen": [
    "post-punk",
    "new wave",
    "neo-psychedelia"
  ],
  "Air_Supply": [
    "soft rock",
    "pop rock",
    "pop"
  ],
  "Cold_Chisel": [
    "pub rock",
    "r and b",
    "hard rock",
    "rock and roll"
  ],
  "The_Alan_Parsons_Project": [
    "progressive rock",
    "art rock",
    "progressive pop",
    "soft rock"
  ],
  "Ambrosia_(band)": [
    "progressive rock",
    "soft rock",
    "jazz fusion",
    "blue-eyed soul"
  ],
  "Poison_(American_band)": [
    "glam metal",
    "hard rock",
    "heavy metal"
  ],
  "Chris_Cornell": [
    "alternative metal",
    "heavy metal",
    "grunge",
    "alternative rock",
    "hard rock"
  ],
  "Queensrÿche": [
    "progressive metal",
    "heavy metal"
  ],
  "The_Cult": [
    "hard rock",
    "gothic rock",
    "alternative rock",
    "heavy metal",
    "post-punk"
  ],
  "Tool_(band)": [
    "alternative metal",
    "art rock",
    "post-metal",
    "progressive metal",
    "progressive rock"
  ],
  "The_Doors": [
    "psychedelic rock",
    "blues rock",
    "acid rock"
  ],
  "Lamb_of_God_(band)": [
    "groove metal",
    "metalcore",
    "thrash metal",
    "death metal"
  ],
  "Avenged_Sevenfold": [
    "heavy metal",
    "progressive metal",
    "alternative metal",
    "hard rock",
    "metalcore"
  ],
  "Dallas_Green_(musician)": [
    "indie folk",
    "acoustic",
    "alternative rock",
    "post-hardcore",
    "screamo",
    "melodic hardcore"
  ],
  "Funkadelic": [
    "funk rock",
    "psychedelic funk",
    "acid rock",
    "psychedelic rock"
  ],
  "Eddie_Money": [
    "rock",
    "pop rock",
    "hard rock"
  ],
  "Three_Days_Grace": [
    "post-grunge",
    "hard rock",
    "alternative rock",
    "alternative metal",
    "nu metal"
  ],
  "Days_of_the_New": [
    "post-grunge",
    "alternative rock",
    "grunge",
    "acoustic rock",
    "alternative metal"
  ],
  "Hoobastank": [
    "alternative rock",
    "nu metal",
    "post-grunge",
    "funk metal",
    "ska punk"
  ],
  "Theory_of_a_Deadman": [
    "post-grunge",
    "hard rock",
    "alternative rock",
    "alternative metal",
    "pop rock"
  ],
  "The_All-American_Rejects": [
    "pop-punk",
    "power pop",
    "alternative rock",
    "pop rock",
    "emo pop"
  ],
  "The_Cars": [
    "new wave",
    "power pop",
    "pop rock",
    "synth-rock"
  ],
  "Five_for_Fighting": [
    "soft rock",
    "heartland rock",
    "alternative rock",
    "pop rock",
    "americana",
    "adult contemporary"
  ],
  "Weezer": [
    "alternative rock",
    "power pop",
    "pop rock",
    "geek rock",
    "pop-punk",
    "emo"
  ],
  "Boys_Like_Girls": [
    "pop rock",
    "pop-punk",
    "emo pop",
    "alternative rock"
  ],
  "Paramore": [
    "pop-punk",
    "emo",
    "pop rock",
    "alternative rock",
    "power pop",
    "new wave"
  ],
  "The_Allman_Brothers_Band": [
    "southern rock",
    "blues rock",
    "jazz rock",
    "jam band"
  ],
  "Filter_(band)": [
    "industrial rock",
    "post-grunge",
    "alternative rock",
    "hard rock",
    "industrial metal",
    "alternative metal"
  ],
  "Fuel_(band)": [
    "alternative rock",
    "hard rock",
    "post-grunge",
    "alternative metal"
  ],
  "Lacuna_Coil": [
    "gothic metal",
    "alternative metal"
  ],
  "Black_Stone_Cherry": [
    "hard rock",
    "southern rock"
  ],
  "Volbeat": [
    "heavy metal",
    "hard rock",
    "rockabilly",
    "psychobilly",
    "groove metal",
    "rock and roll"
  ],
  "Kenny_Loggins": [
    "rock",
    "pop",
    "folk rock",
    "r and b",
    "soul",
    "soft rock"
  ],
  "Edgar_Winter": [
    "southern rock",
    "pop",
    "jazz fusion",
    "blues rock",
    "blue-eyed soul",
    "boogie rock"
  ],
  "Crosby,_Stills,_Nash_&_Young": [
    "folk rock",
    "soft rock",
    "country rock",
    "folk pop"
  ],
  "Jackson_Browne": [
    "rock",
    "folk rock",
    "soft rock",
    "pop rock",
    "country rock"
  ],
  "The_Mamas_&_the_Papas": [
    "folk rock",
    "sunshine pop"
  ],
  "Christopher_Cross": [
    "rock",
    "pop",
    "soft rock",
    "yacht rock"
  ],
  "Three_Dog_Night": [
    "pop rock",
    "soft rock",
    "roots rock",
    "funk rock",
    "blue-eyed soul"
  ],
  "Gin_Blossoms": [
    "alternative rock",
    "jangle pop",
    "power pop",
    "post-grunge",
    "country rock"
  ],
  "The_Animals": [
    "blues rock",
    "r and b",
    "psychedelic rock",
    "progressive rock",
    "rock and roll"
  ],
  "Morrissey": [
    "alternative rock",
    "indie pop",
    "indie rock",
    "jangle pop"
  ],
  "Eddie_Cochran": [
    "rock",
    "roll",
    "rockabilly",
    "country",
    "rhythm",
    "blues"
  ],
  "Evanescence": [
    "alternative metal",
    "gothic metal",
    "gothic rock",
    "hard rock",
    "industrial rock",
    "symphonic metal",
    "nu metal"
  ],
  "Killswitch_Engage": [
    "melodic metalcore"
  ],
  "April_Wine": [
    "hard rock"
  ],
  "The_Guess_Who": [
    "hard rock",
    "psychedelic rock",
    "blues rock",
    "garage rock"
  ],
  "Badfinger": [
    "rock",
    "power pop"
  ],
  "Meat_Loaf": [
    "rock",
    "hard rock"
  ],
  "Royal_Blood_(band)": [
    "hard rock",
    "blues rock",
    "garage rock",
    "stoner rock",
    "alternative rock"
  ],
  "Sam_Fender": [
    "rock",
    "indie rock",
    "pop rock",
    "heartland rock"
  ],
  "Manfred_Mann's_Earth_Band": [
    "progressive rock",
    "hard rock",
    "jazz rock"
  ],
  "System_of_a_Down": [
    "alternative metal",
    "nu metal",
    "hard rock",
    "progressive metal"
  ],
  "James_Blunt": [
    "pop rock",
    "folk rock",
    "folk pop",
    "soft rock"
  ],
  "Bullet_for_My_Valentine": [
    "melodic metalcore",
    "heavy metal",
    "thrash metal",
    "hard rock"
  ],
  "Black_Veil_Brides": [
    "hard rock",
    "alternative metal",
    "glam metal",
    "gothic metal",
    "metalcore"
  ],
  "Cage_the_Elephant": [
    "alternative rock",
    "indie rock",
    "psychedelic rock",
    "garage rock",
    "punk blues",
    "post-punk"
  ],
  "Five_Finger_Death_Punch": [
    "groove metal",
    "alternative metal",
    "hard rock"
  ],
  "Rob_Zombie": [
    "industrial metal",
    "shock rock",
    "groove metal",
    "alternative metal",
    "hard rock",
    "nu metal"
  ],
  "Chevelle_(band)": [
    "hard rock",
    "alternative metal",
    "alternative rock",
    "post-grunge",
    "nu metal"
  ],
  "Trivium_(band)": [
    "metalcore",
    "thrash metal",
    "heavy metal",
    "progressive metal"
  ],
  "Awolnation": [
    "alternative rock",
    "electronic rock",
    "indie rock",
    "electropop",
    "pop rock",
    "dance-rock"
  ],
  "Goo_Goo_Dolls": [
    "alternative rock",
    "pop rock",
    "post-grunge",
    "punk rock"
  ],
  "Midnight_Oil": [
    "alternative rock",
    "hard rock",
    "post-punk",
    "new wave"
  ],
  "Rise_Against": [
    "punk rock",
    "melodic hardcore"
  ],
  "The_B-52's": [
    "new wave",
    "dance-rock",
    "post-punk",
    "art pop"
  ],
  "The_Doobie_Brothers": [
    "rock",
    "soft rock",
    "pop",
    "blue-eyed soul"
  ],
  "Bad_Company": [
    "hard rock",
    "blues rock"
  ],
  "Billy_Squier": [
    "hard rock",
    "arena rock",
    "pop rock",
    "power pop"
  ],
  "Joe_Walsh": [
    "hard rock",
    "blues rock",
    "pop rock",
    "progressive rock",
    "country rock"
  ],
  "The_Band": [
    "roots rock",
    "americana",
    "folk rock",
    "country rock"
  ],
  "Grateful_Dead": [
    "rock"
  ],
  "Counting_Crows": [
    "alternative rock",
    "roots rock",
    "pop rock"
  ],
  "Death_Cab_for_Cutie": [
    "indie rock",
    "alternative rock",
    "indie pop",
    "emo"
  ],
  "Blues_Traveler": [
    "blues rock",
    "folk rock",
    "alternative rock",
    "southern rock",
    "jam band"
  ],
  "The_Bangles": [
    "pop rock",
    "power pop",
    "new wave",
    "paisley underground"
  ],
  "Barenaked_Ladies": [
    "alternative pop",
    "folk rock",
    "pop rock",
    "comedy rock"
  ],
  "Dave_Matthews_Band": [
    "rock",
    "jam rock"
  ],
  "Bay_City_Rollers": [
    "pop",
    "glam rock",
    "pop rock"
  ],
  "The_Kinks": [
    "rock",
    "pop"
  ],
  "Mitch_Ryder": [
    "rock",
    "roll",
    "rhythm",
    "blues",
    "blue-eyed soul",
    "frat rock",
    "hard rock"
  ],
  "The_Four_Seasons_(band)": [
    "pop rock",
    "pop",
    "soul",
    "doo-wop",
    "rock and roll"
  ],
  "Hall_&_Oates": [
    "pop rock",
    "blue-eyed soul",
    "soft rock",
    "r and b"
  ],
  "Sly_and_the_Family_Stone": [
    "psychedelic soul",
    "funk",
    "rock",
    "progressive soul"
  ],
  "Live_(band)": [
    "alternative rock",
    "post-grunge",
    "hard rock"
  ],
  "Sublime_(band)": [
    "ska punk",
    "reggae rock"
  ],
  "The_Everly_Brothers": [
    "rock",
    "roll",
    "rockabilly",
    "country rock",
    "country"
  ],
  "Paul_McCartney_and_Wings": [
    "soft rock"
  ],
  "Phil_Collins": [
    "pop",
    "soft rock",
    "progressive rock",
    "art rock"
  ],
  "Glenn_Frey": [
    "rock",
    "pop rock",
    "soft rock",
    "country rock",
    "hard rock"
  ],
  "X_(American_band)": [
    "punk rock",
    "alternative rock"
  ],
  "The_Flaming_Lips": [
    "neo-psychedelia",
    "experimental rock",
    "alternative rock",
    "indie rock",
    "psychedelic rock"
  ],
  "The_Zombies": [
    "rock",
    "beat",
    "baroque pop",
    "psychedelic pop",
    "r and b",
    "proto-prog"
  ],
  "INXS": [
    "new wave",
    "pub rock",
    "dance-rock",
    "funk rock",
    "alternative rock"
  ],
  "Fun_(band)": [
    "indie pop",
    "indie rock",
    "pop rock",
    "baroque pop"
  ],
  "Ben_Folds_Five": [
    "alternative rock",
    "power pop"
  ],
  "Harry_Chapin": [
    "folk rock",
    "pop rock"
  ],
  "Steve_Miller_Band": [
    "blues rock",
    "psychedelic rock",
    "pop rock"
  ],
  "Melissa_Etheridge": [
    "heartland rock",
    "roots rock",
    "folk rock",
    "blues rock",
    "country rock"
  ],
  "The_Big_Bopper": [
    "rock",
    "roll",
    "rockabilly",
    "country"
  ],
  "Billy_Talent": [
    "punk rock",
    "alternative rock",
    "post-hardcore",
    "pop-punk"
  ],
  "Muse_(band)": [
    "alternative rock",
    "progressive rock",
    "space rock",
    "hard rock",
    "art rock",
    "electronic rock"
  ],
  "Tom_Petty_and_the_Heartbreakers": [
    "rock",
    "heartland rock",
    "southern rock"
  ],
  "The_Black_Keys": [
    "garage rock",
    "blues rock",
    "punk blues",
    "indie rock"
  ],
  "Modest_Mouse": [
    "indie rock",
    "alternative rock",
    "post punk revival",
    "punk rock",
    "emo"
  ],
  "Florence_and_the_Machine": [
    "indie rock",
    "indie pop",
    "chamber pop",
    "baroque pop",
    "art pop",
    "art rock",
    "neo soul",
    "folk"
  ],
  "Whitesnake": [
    "hard rock",
    "blues rock",
    "glam metal"
  ],
  "Quiet_Riot": [
    "heavy metal",
    "hard rock",
    "glam metal"
  ],
  "Great_White": [
    "hard rock",
    "glam metal"
  ],
  "Highly_Suspect": [
    "alternative rock",
    "hard rock",
    "blues rock",
    "grunge",
    "garage rock"
  ],
  "Tracy_Chapman": [
    "folk",
    "blues rock",
    "pop",
    "soul"
  ],
  "Social_Distortion": [
    "punk rock",
    "cowpunk",
    "rock and roll",
    "hardcore punk"
  ],
  "Marilyn_Manson_(band)": [
    "industrial rock",
    "industrial metal",
    "gothic rock",
    "alternative metal",
    "shock rock"
  ],
  "Dropkick_Murphys": [
    "celtic punk",
    "folk punk",
    "street punk",
    "oi!",
    "hardcore punk"
  ],
  "Twisted_Sister": [
    "heavy metal",
    "glam metal",
    "hard rock",
    "shock rock"
  ],
  "Coheed_and_Cambria": [
    "progressive rock",
    "alternative rock",
    "post-hardcore",
    "emo",
    "progressive metal"
  ],
  "Depeche_Mode": [
    "synth-pop",
    "electronic rock",
    "new wave",
    "alternative rock"
  ],
  "Avril_Lavigne": [
    "pop-punk",
    "alternative rock",
    "pop rock",
    "pop"
  ],
  "Mumford_&_Sons": [
    "folk rock",
    "alternative rock",
    "indie folk",
    "americana",
    "country",
    "bluegrass"
  ],
  "No_Doubt": [
    "ska punk",
    "pop rock",
    "new wave",
    "alternative rock",
    "pop-punk",
    "reggae"
  ],
  "Garbage_(band)": [
    "alternative rock",
    "electronic rock",
    "dance-rock",
    "trip hop",
    "industrial rock"
  ],
  "The_Pretenders": [
    "rock",
    "pop rock",
    "new wave",
    "alternative rock"
  ],
  "Blue_October": [
    "alternative rock",
    "art rock",
    "post-grunge",
    "new wave",
    "synth-pop",
    "shoegaze"
  ],
  "Alice_Cooper_(band)": [
    "hard rock",
    "glam rock",
    "shock rock",
    "psychedelic rock",
    "garage rock",
    "rock and roll",
    "proto-punk"
  ],
  "Sheryl_Crow": [
    "country rock",
    "pop",
    "folk",
    "blues",
    "heartland rock"
  ],
  "The_Verve": [
    "neo-psychedelia",
    "alternative rock",
    "britpop",
    "shoegaze"
  ],
  "Stevie_Ray_Vaughan": [
    "texas blues",
    "blues rock",
    "electric blues",
    "rock and roll"
  ],
  "Bowling_for_Soup": [
    "pop-punk",
    "pop rock",
    "alternative rock",
    "power pop"
  ],
  "The_Boxtones": [
    "rock"
  ],
  "Europe_(band)": [
    "arena rock",
    "hard rock",
    "glam metal",
    "blues rock",
    "heavy metal"
  ],
  "Third_Eye_Blind": [
    "alternative rock",
    "pop rock",
    "post-grunge",
    "power pop",
    "pop-punk"
  ],
  "Bread_(band)": [
    "soft rock"
  ],
  "The_Smashing_Pumpkins": [
    "alternative rock"
  ],
  "Skillet_(band)": [
    "christian rock",
    "hard rock",
    "alternative rock",
    "alternative metal",
    "post-grunge",
    "nu metal"
  ],
  "Flyleaf_(band)": [
    "alternative rock",
    "post-grunge",
    "hard rock",
    "alternative metal",
    "christian rock"
  ],
  "Starset": [
    "alternative rock",
    "electronic rock",
    "hard rock",
    "alternative metal",
    "progressive rock"
  ],
  "Don_Henley": [
    "rock",
    "country rock",
    "pop rock",
    "hard rock",
    "folk rock"
  ],
  "Buckcherry": [
    "hard rock",
    "alternative metal",
    "sleaze rock"
  ],
  "Jeff_Buckley": [
    "alternative rock",
    "folk-rock",
    "blues"
  ],
  "Chris_de_Burgh": [
    "art rock",
    "pop",
    "soft rock"
  ],
  "Our_Lady_Peace": [
    "alternative rock",
    "post-grunge"
  ],
  "The_Byrds": [
    "rock",
    "pop",
    "folk rock",
    "psychedelia",
    "raga rock",
    "country rock",
    "jangle pop"
  ],
  "Cake_(band)": [
    "alternative rock",
    "country",
    "indie rock",
    "funk rock"
  ],
  "Foals_(band)": [
    "indie rock",
    "alternative rock",
    "math rock",
    "art rock",
    "dance-punk"
  ],
  "The_Mothers_of_Invention": [
    "jazz rock",
    "experimental rock",
    "progressive rock",
    "comedy rock",
    "blues rock",
    "avant-garde",
    "doo-wop",
    "art rock"
  ],
  "The_Cab": [
    "alternative rock",
    "pop-punk",
    "pop rock",
    "power pop",
    "emo pop",
    "pop"
  ],
  "The_Cardigans": [
    "alternative rock",
    "pop rock",
    "indie rock",
    "indie pop"
  ],
  "The_Killers": [
    "alternative rock",
    "pop rock",
    "post-punk revival",
    "new wave",
    "heartland rock"
  ],
  "Catfish_and_the_Bottlemen": [
    "alternative rock",
    "indie rock",
    "post-punk revival"
  ],
  "Thirty_Seconds_to_Mars": [
    "alternative rock"
  ],
  "Finger_Eleven": [
    "alternative rock",
    "alternative metal",
    "post-grunge",
    "hard rock",
    "nu metal"
  ],
  "Santana_(band)": [
    "latin rock",
    "blues rock",
    "psychedelic rock",
    "acid rock",
    "chicano rock",
    "jazz fusion",
    "yacht rock"
  ],
  "Steve_Winwood": [
    "blue-eyed soul",
    "r and b",
    "rock",
    "pop"
  ],
  "Traffic_(band)": [
    "progressive rock",
    "psychedelic rock",
    "jazz rock",
    "folk rock",
    "psychedelic pop"
  ],
  "John_Mayer": [
    "rock",
    "pop",
    "blues"
  ],
  "The_Used": [
    "emo",
    "screamo",
    "post-hardcore",
    "pop-punk",
    "punk rock",
    "alternative rock"
  ],
  "Little_River_Band": [
    "rock",
    "aor",
    "pop rock",
    "soft rock"
  ],
  "Joe_Satriani": [
    "instrumental rock",
    "hard rock",
    "blues rock"
  ],
  "Matchbox_Twenty": [
    "alternative rock",
    "post-grunge",
    "pop rock"
  ],
  "Hootie_&_the_Blowfish": [
    "pop rock",
    "alternative rock",
    "soft rock",
    "roots rock",
    "heartland rock",
    "jangle pop"
  ],
  "Manfred_Mann_Chapter_Three": [
    "jazz rock"
  ],
  "Marilyn_Manson": [
    "industrial rock",
    "industrial metal",
    "gothic rock",
    "alternative metal",
    "shock rock"
  ],
  "The_Cranberries": [
    "alternative rock",
    "indie rock",
    "pop rock",
    "jangle pop",
    "post-punk",
    "dream pop"
  ],
  "Crash_Test_Dummies": [
    "alternative rock",
    "folk rock"
  ],
  "John_Fogerty": [
    "roots rock",
    "rock and roll",
    "country rock",
    "heartland rock",
    "blues rock",
    "swamp rock",
    "americana",
    "southern rock"
  ],
  "Jim_Croce": [
    "folk",
    "soft rock"
  ],
  "Crowded_House": [
    "pop rock",
    "jangle pop",
    "alternative rock"
  ],
  "Men_at_Work": [
    "new wave",
    "pop rock",
    "reggae rock"
  ],
  "Charlie_Daniels": [
    "southern rock",
    "country rock",
    "progressive country",
    "bluegrass"
  ],
  "The_Marshall_Tucker_Band": [
    "southern rock",
    "country rock",
    "progressive country",
    "blues rock",
    "jazz rock"
  ],
  "The_Strokes": [
    "indie rock",
    "garage rock revival",
    "post-punk revival",
    "new wave",
    "synth-pop"
  ],
  "The_Hives": [
    "garage rock revival",
    "garage punk"
  ],
  "Lifehouse_(band)": [
    "alternative rock",
    "post-grunge",
    "pop rock"
  ],
  "The_Dave_Clark_Five": [
    "rock",
    "roll",
    "beat",
    "pop"
  ],
  "Faces_(band)": [
    "rock",
    "blues"
  ],
  "Steve_Vai": [
    "instrumental rock",
    "hard rock",
    "heavy metal",
    "progressive metal"
  ],
  "A_Perfect_Circle": [
    "alternative rock",
    "alternative metal",
    "hard rock",
    "art rock"
  ],
  "Tenacious_D": [
    "comedy rock",
    "acoustic rock",
    "hard rock",
    "heavy metal"
  ],
  "Bryan_Ferry": [
    "pop rock",
    "glam rock",
    "art rock",
    "sophisti-pop"
  ],
  "Pop_Evil": [
    "hard rock",
    "alternative metal",
    "post-grunge"
  ],
  "The_Monkees": [
    "pop rock",
    "rock",
    "bubblegum",
    "psychedelia"
  ],
  "Ten_Years_After": [
    "blues rock"
  ],
  "Drowning_Pool": [
    "alternative metal",
    "nu metal",
    "hard rock",
    "post-grunge"
  ],
  "Saliva_(band)": [
    "nu metal",
    "post-grunge",
    "alternative metal",
    "rap metal",
    "hard rock"
  ],
  "Saving_Abel": [
    "rock",
    "hard rock",
    "post-grunge",
    "southern rock"
  ],
  "Ian_Dury": [
    "new wave",
    "punk rock",
    "post-punk",
    "funk",
    "disco",
    "pub rock"
  ],
  "Traveling_Wilburys": [
    "rock"
  ],
  "Dan_Fogelberg": [
    "rock",
    "country",
    "folk",
    "folk rock",
    "soft rock",
    "pop rock",
    "pop"
  ],
  "England_Dan_&_John_Ford_Coley": [
    "pop rock",
    "soft rock",
    "country rock"
  ],
  "The_Pretty_Reckless": [
    "hard rock",
    "alternative rock",
    "post-grunge",
    "blues rock"
  ],
  "Everclear_(band)": [
    "alternative rock",
    "power pop",
    "post-grunge",
    "pop rock",
    "grunge",
    "punk rock"
  ],
  "Everlast": [
    "hip hop",
    "folk rock",
    "blues"
  ],
  "FireHouse": [
    "glam metal",
    "hard rock"
  ],
  "The_Fixx": [
    "new wave",
    "pop rock",
    "art rock",
    "dance-rock"
  ],
  "Flogging_Molly": [
    "celtic punk",
    "folk punk"
  ],
  "Foster_the_People": [
    "indie pop",
    "synth-pop",
    "dance-pop",
    "alternative rock",
    "indie rock",
    "neo-psychedelia"
  ],
  "The_Fray": [
    "alternative rock",
    "pop rock",
    "soft rock",
    "christian rock"
  ],
  "Parliament-Funkadelic": [
    "funk",
    "psychedelic funk",
    "funk rock",
    "acid rock",
    "progressive soul"
  ],
  "Parliament_(band)": [
    "funk",
    "r and b",
    "psychedelic soul"
  ],
  "Vampire_Weekend": [
    "indie rock",
    "indie pop",
    "art pop",
    "baroque pop",
    "worldbeat"
  ],
  "Mike_and_the_Mechanics": [
    "rock",
    "pop rock"
  ],
  "The_Go-Go's": [
    "new wave",
    "pop rock",
    "power pop",
    "post-punk",
    "punk rock"
  ],
  "Golden_Earring": [
    "hard rock",
    "blues rock",
    "jazz rock",
    "psychedelic rock",
    "garage rock"
  ],
  "Icehouse_(band)": [
    "rock",
    "new wave",
    "synth-pop"
  ],
  "Tommy_James_and_the_Shondells": [
    "rock",
    "bubblegum",
    "psychedelic"
  ],
  "X_Ambassadors": [
    "alternative rock",
    "indie rock",
    "indie pop",
    "pop rock",
    "alternative pop"
  ],
  "The_J._Geils_Band": [
    "rock",
    "blues rock",
    "new wave"
  ],
  "The_Jam": [
    "mod revival",
    "new wave",
    "punk rock",
    "power pop"
  ],
  "Starship_(band)": [
    "rock",
    "arena rock",
    "pop rock"
  ],
  "The_Lovin'_Spoonful": [
    "folk rock",
    "pop",
    "rock"
  ],
  "The_Jesus_and_Mary_Chain": [
    "alternative rock",
    "indie rock",
    "noise pop",
    "post-punk",
    "shoegaze"
  ],
  "Jet_(Australian_band)": [
    "garage rock",
    "hard rock",
    "alternative rock",
    "indie rock"
  ],
  "Jack_White": [
    "blues rock",
    "garage rock revival",
    "alternative rock",
    "punk blues",
    "experimental rock"
  ],
  "The_Outfield": [
    "pop rock",
    "power pop",
    "new wave"
  ],
  "Kaleo_(band)": [
    "blues rock",
    "indie folk",
    "alternative rock"
  ],
  "The_Lumineers": [
    "indie folk",
    "folk rock",
    "americana"
  ],
  "Manfred_Mann_(musician)": [
    "beat",
    "blues rock",
    "r and b",
    "psychedelia",
    "jazz rock",
    "progressive rock",
    "hard rock"
  ],
  "Chris_Rea": [
    "pop rock",
    "soft rock",
    "electric blues",
    "blues rock"
  ],
  "Montgomery_Gentry": [
    "country",
    "southern rock",
    "country rock"
  ],
  "Michael_Martin_Murphey": [
    "progressive country",
    "western",
    "cowboy music",
    "bluegrass"
  ],
  "The_Presidents_of_the_United_States_of_America_(band)": [
    "alternative rock",
    "pop-punk",
    "post-grunge"
  ],
  "Sixto_Rodriguez": [
    "folk rock",
    "psychedelic folk",
    "psychedelic rock"
  ],
  "The_Script": [
    "pop rock",
    "soft rock",
    "indie rock"
  ],
  "Shakin'_Stevens": [
    "rockabilly",
    "rock and roll"
  ],
  "Smash_Mouth": [
    "alternative rock",
    "power pop",
    "pop rock",
    "ska punk"
  ],
  "Smokie_(band)": [
    "pop rock",
    "soft rock",
    "glam rock"
  ],
  "The_Stone_Roses": [
    "madchester",
    "indie rock",
    "alternative rock",
    "dance-rock",
    "neo-psychedelia"
  ],
  "The_White_Stripes": [
    "garage rock",
    "blues rock",
    "alternative rock",
    "punk blues",
    "indie rock"
  ],
  "UB40": [
    "reggae",
    "dub"
  ],
  "Van_Zant_(band)": [
    "southern rock",
    "country",
    "arena rock",
    "ccm"
  ]
}