{
  "10 Years (band)": [
    "alternative metal",
    "progressive metal",
    "post-grunge",
    "nu metal"
  ],
  "10cc": [
    "art rock",
    "art pop",
    "progressive pop",
    "soft rock",
    "pop rock"
  ],
  "3 Doors Down": [
    "post-grunge",
    "hard rock",
    "alternative rock"
  ],
  "311 (band)": [
    "alternative rock",
    "rap rock",
    "reggae rock",
    "funk rock",
    "funk metal"
  ],
  "38 Special (band)": [
    "hard rock",
    "southern rock",
    "boogie rock",
    "blues rock"
  ],
  "A Perfect Circle": [
    "alternative rock",
    "alternative metal",
    "hard rock",
    "art rock"
  ],
  "ABBA": [
    "pop",
    "disco",
    "pop rock",
    "europop"
  ],
  "AC/DC": [
    "hard rock",
    "blues rock",
    "rock and roll",
    "heavy metal"
  ],
  "AFI (band)": [
    "punk rock",
    "gothic rock",
    "horror punk",
    "post-hardcore",
    "emo",
    "hardcore punk"
  ],
  "Accept (band)": [
    "heavy metal"
  ],
  "Adam Ant": [
    "new wave",
    "post-punk",
    "alternative rock",
    "dance-rock"
  ],
  "Aerosmith": [
    "hard rock",
    "blues rock",
    "heavy metal"
  ],
  "Air Supply": [
    "soft rock",
    "pop rock",
    "pop",
    "adult contemporary",
    "middle-of-the-road"
  ],
  "Alanis Morissette": [
    "alternative rock",
    "post-grunge",
    "electronica",
    "grunge",
    "trip hop",
    "indie pop",
    "pop rock"
  ],
  "Alice Cooper": [
    "hard rock",
    "shock rock",
    "glam rock",
    "heavy metal"
  ],
  "Alice Cooper (band)": [
    "hard rock",
    "glam rock",
    "shock rock",
    "psychedelic rock"
  ],
  "Alice in Chains": [
    "grunge",
    "alternative metal",
    "heavy metal",
    "alternative rock",
    "sludge metal"
  ],
  "Alter Bridge": [
    "hard rock",
    "heavy metal",
    "alternative metal",
    "progressive metal",
    "alternative rock",
    "post-grunge"
  ],
  "Ambrosia (band)": [
    "progressive rock",
    "soft rock",
    "jazz fusion",
    "blue-eyed soul"
  ],
  "America (band)": [
    "soft rock",
    "folk rock",
    "pop rock",
    "country rock"
  ],
  "Anthrax (American band)": [
    "thrash metal",
    "heavy metal",
    "groove metal",
    "alternative metal"
  ],
  "April Wine": [
    "hard rock"
  ],
  "Arcade Fire": [
    "indie rock",
    "art rock",
    "dance-rock",
    "baroque pop"
  ],
  "Arctic Monkeys": [
    "indie rock",
    "garage rock",
    "post-punk revival",
    "psychedelic rock",
    "alternative rock",
    "lounge pop"
  ],
  "Asia (band)": [
    "progressive rock",
    "aor",
    "pop rock"
  ],
  "Audioslave": [
    "hard rock",
    "alternative metal",
    "post-grunge",
    "alternative rock"
  ],
  "Avenged Sevenfold": [
    "heavy metal",
    "progressive metal",
    "alternative metal",
    "hard rock",
    "metalcore"
  ],
  "Avril Lavigne": [
    "pop-punk",
    "alternative rock",
    "pop rock",
    "pop"
  ],
  "Awolnation": [
    "alternative rock",
    "electronic rock",
    "indie rock",
    "electropop",
    "pop rock",
    "dance-rock"
  ],
  "Bachman–Turner Overdrive": [
    "rock",
    "hard rock",
    "boogie rock"
  ],
  "Bad Company": [
    "hard rock",
    "blues rock"
  ],
  "Badfinger": [
    "rock",
    "power pop"
  ],
  "Barenaked Ladies": [
    "alternative pop",
    "folk rock",
    "pop rock",
    "comedy rock"
  ],
  "Bay City Rollers": [
    "pop",
    "glam rock",
    "pop rock"
  ],
  "Beastie Boys": [
    "hip-hop",
    "rap rock",
    "alternative hip-hop",
    "hardcore punk"
  ],
  "Beck": [
    "alternative rock",
    "folk rock",
    "psychedelia",
    "electronic",
    "alt-country",
    "lo-fi"
  ],
  "Bee Gees": [
    "pop",
    "soul",
    "disco",
    "rock",
    "soft rock"
  ],
  "Ben Folds Five": [
    "alternative rock",
    "power pop"
  ],
  "Bill Haley & His Comets": [
    "rock and roll",
    "rockabilly",
    "western swing"
  ],
  "Billy Idol": [
    "new wave",
    "hard rock",
    "pop rock",
    "punk rock"
  ],
  "Billy Joel": [
    "rock",
    "soft rock",
    "pop rock"
  ],
  "Billy Squier": [
    "hard rock",
    "arena rock",
    "pop rock",
    "power pop"
  ],
  "Billy Talent": [
    "punk rock",
    "alternative rock",
    "post-hardcore",
    "pop-punk"
  ],
  "Black Sabbath": [
    "heavy metal"
  ],
  "Black Stone Cherry": [
    "hard rock",
    "southern rock"
  ],
  "Black Veil Brides": [
    "hard rock",
    "alternative metal",
    "glam metal",
    "gothic metal",
    "metalcore"
  ],
  "Blink-182": [
    "pop-punk",
    "punk rock",
    "skate punk",
    "alternative rock"
  ],
  "Blondie (band)": [
    "new wave",
    "punk rock",
    "pop rock",
    "pop",
    "disco"
  ],
  "Bloodhound Gang": [
    "comedy rock",
    "alternative rock",
    "rap rock",
    "pop-punk",
    "rap-metal",
    "electronic-rock",
    "new-wave"
  ],
  "Blue October": [
    "alternative rock",
    "art rock",
    "post-grunge",
    "new wave",
    "synth-pop",
    "shoegaze"
  ],
  "Blue Öyster Cult": [
    "hard rock",
    "heavy metal",
    "occult rock",
    "psychedelic rock",
    "progressive rock",
    "acid rock"
  ],
  "Blues Traveler": [
    "blues rock",
    "folk rock",
    "alternative rock",
    "southern rock",
    "jam band"
  ],
  "Blur (band)": [
    "britpop",
    "indie rock",
    "alternative rock",
    "art pop"
  ],
  "Bo Diddley": [
    "rock and roll",
    "blues",
    "psychedelic funk"
  ],
  "Bob Dylan": [
    "folk",
    "blues",
    "rock",
    "gospel",
    "country",
    "traditional pop"
  ],
  "Bob Seger": [
    "rock",
    "heartland rock",
    "roots rock"
  ],
  "Bon Jovi": [
    "hard rock",
    "glam metal",
    "arena rock",
    "pop rock"
  ],
  "Boston (band)": [
    "hard rock",
    "arena rock"
  ],
  "Bowling for Soup": [
    "pop-punk",
    "pop rock",
    "alternative rock",
    "power pop"
  ],
  "Boys Like Girls": [
    "pop rock",
    "pop-punk",
    "emo pop",
    "alternative rock"
  ],
  "Bread (band)": [
    "soft rock"
  ],
  "Breaking Benjamin": [
    "hard rock",
    "post-grunge",
    "alternative metal",
    "alternative rock"
  ],
  "Bring Me the Horizon": [
    "metalcore",
    "alternative metal",
    "alternative rock",
    "post-hardcore",
    "pop rock",
    "electronic rock",
    "deathcore"
  ],
  "Bruce Springsteen": [
    "rock",
    "heartland rock",
    "folk",
    "pop rock"
  ],
  "Bryan Adams": [
    "rock",
    "pop rock",
    "soft rock",
    "arena rock",
    "heartland rock"
  ],
  "Bryan Ferry": [
    "pop rock",
    "glam rock",
    "art rock",
    "sophisti-pop"
  ],
  "Buckcherry": [
    "hard rock",
    "alternative metal",
    "sleaze rock"
  ],
  "Buddy Holly": [
    "rock and roll",
    "rockabilly",
    "pop"
  ],
  "Bullet for My Valentine": [
    "melodic metalcore",
    "heavy metal",
    "thrash metal",
    "hard rock"
  ],
  "Bush (British band)": [
    "post-grunge",
    "grunge",
    "hard rock",
    "alternative rock"
  ],
  "Cage the Elephant": [
    "alternative rock",
    "indie rock",
    "psychedelic rock",
    "garage rock",
    "punk blues",
    "post-punk"
  ],
  "Cake (band)": [
    "alternative rock",
    "country",
    "indie rock",
    "funk rock"
  ],
  "Canned Heat": [
    "blues rock",
    "boogie rock"
  ],
  "Catfish and the Bottlemen": [
    "alternative rock",
    "indie rock",
    "post-punk revival"
  ],
  "Charlie Daniels": [
    "southern rock",
    "country rock",
    "progressive country",
    "bluegrass"
  ],
  "Cheap Trick": [
    "power pop",
    "hard rock",
    "rock"
  ],
  "Chevelle (band)": [
    "hard rock",
    "alternative metal",
    "alternative rock",
    "post-grunge",
    "nu metal"
  ],
  "Chicago (band)": [
    "rock",
    "soft rock",
    "pop rock",
    "jazz rock"
  ],
  "Chris Cornell": [
    "alternative metal",
    "heavy metal",
    "grunge",
    "alternative rock",
    "hard rock"
  ],
  "Chris Rea": [
    "pop rock",
    "soft rock",
    "electric blues",
    "blues rock"
  ],
  "Chris de Burgh": [
    "art rock",
    "pop",
    "soft rock"
  ],
  "Christopher Cross": [
    "rock",
    "pop",
    "soft rock",
    "yacht rock"
  ],
  "Chubby Checker": [
    "rock and roll"
  ],
  "Chuck Berry": [
    "rock and roll",
    "rhythm and blues"
  ],
  "Cinderella (band)": [
    "glam metal",
    "hard rock",
    "blues rock"
  ],
  "Coheed and Cambria": [
    "progressive rock",
    "alternative rock",
    "post-hardcore",
    "emo",
    "progressive metal"
  ],
  "Cold Chisel": [
    "pub rock",
    "r",
    "b",
    "hard rock",
    "rock and roll"
  ],
  "Coldplay": [
    "alternative rock",
    "pop rock",
    "post-britpop",
    "pop"
  ],
  "Collective Soul": [
    "alternative rock",
    "hard rock",
    "post-grunge"
  ],
  "Counting Crows": [
    "alternative rock",
    "roots rock",
    "pop rock"
  ],
  "Crash Test Dummies": [
    "alternative rock",
    "folk rock"
  ],
  "Cream (band)": [
    "psychedelic rock",
    "blues rock",
    "acid rock",
    "hard rock",
    "jam rock"
  ],
  "Creed (band)": [
    "post-grunge",
    "hard rock",
    "alternative rock",
    "alternative metal"
  ],
  "Creedence Clearwater Revival": [
    "swamp rock",
    "roots rock",
    "blues rock",
    "country rock",
    "southern rock"
  ],
  "Crosby, Stills, Nash & Young": [
    "folk rock",
    "soft rock",
    "country rock",
    "folk pop"
  ],
  "Crowded House": [
    "pop rock",
    "jangle pop",
    "alternative rock"
  ],
  "Dallas Green (musician)": [
    "indie folk",
    "acoustic",
    "alternative rock",
    "post-hardcore",
    "screamo",
    "melodic hardcore"
  ],
  "Damn Yankees (band)": [
    "hard rock",
    "arena rock",
    "glam metal"
  ],
  "Dan Fogelberg": [
    "rock",
    "country",
    "folk",
    "folk rock",
    "soft rock",
    "pop rock",
    "pop"
  ],
  "Dashboard Confessional": [
    "emo",
    "alternative rock",
    "indie rock",
    "acoustic rock"
  ],
  "Daughtry (band)": [
    "post-grunge",
    "hard rock",
    "pop rock"
  ],
  "Dave Matthews Band": [
    "rock",
    "jam rock"
  ],
  "David Bowie": [
    "art rock",
    "glam rock",
    "pop",
    "electronic"
  ],
  "Days of the New": [
    "post-grunge",
    "alternative rock",
    "grunge",
    "acoustic rock",
    "alternative metal"
  ],
  "Death Cab for Cutie": [
    "indie rock",
    "alternative rock",
    "indie pop",
    "emo"
  ],
  "Deep Purple": [
    "hard rock",
    "heavy metal",
    "progressive rock"
  ],
  "Def Leppard": [
    "hard rock",
    "glam metal",
    "arena rock",
    "power pop",
    "heavy metal"
  ],
  "Deftones": [
    "alternative metal",
    "art rock",
    "shoegaze",
    "nu metal"
  ],
  "Depeche Mode": [
    "synth-pop",
    "alternative dance",
    "alternative rock",
    "dance-rock",
    "dark wave",
    "edm",
    "electronic rock",
    "industrial",
    "new wave",
    "pop rock",
    "post-punk"
  ],
  "Dio (band)": [
    "heavy metal"
  ],
  "Dire Straits": [
    "roots rock",
    "blues rock",
    "pub rock"
  ],
  "Disturbed (band)": [
    "heavy metal",
    "alternative metal",
    "hard rock",
    "nu metal"
  ],
  "Don Henley": [
    "rock",
    "country rock",
    "pop rock",
    "hard rock",
    "folk rock"
  ],
  "Donovan": [
    "folk",
    "pop",
    "psychedelia",
    "rock"
  ],
  "Dr. Hook & the Medicine Show": [
    "country rock",
    "roots rock",
    "boogie rock",
    "pop rock",
    "soft rock",
    "blue-eyed soul",
    "disco"
  ],
  "Dropkick Murphys": [
    "celtic punk",
    "folk punk",
    "street punk",
    "oi",
    "hardcore punk"
  ],
  "Drowning Pool": [
    "alternative metal",
    "nu metal",
    "hard rock",
    "post-grunge"
  ],
  "Duane Eddy": [
    "instrumental rock",
    "rockabilly",
    "rock and roll",
    "country"
  ],
  "Duran Duran": [
    "pop rock",
    "synth-pop",
    "new wave",
    "dance-rock"
  ],
  "Eagles (band)": [
    "rock",
    "country rock",
    "soft rock",
    "folk rock"
  ],
  "Echo & the Bunnymen": [
    "post-punk",
    "new wave",
    "neo-psychedelia"
  ],
  "Eddie Cochran": [
    "rock and roll",
    "rockabilly",
    "country",
    "rhythm and blues"
  ],
  "Eddie Money": [
    "rock",
    "pop rock",
    "hard rock"
  ],
  "Edgar Winter": [
    "southern rock",
    "pop",
    "jazz fusion",
    "blues rock",
    "blue-eyed soul",
    "boogie rock"
  ],
  "Electric Light Orchestra": [
    "progressive pop",
    "progressive rock",
    "orchestral popthe following references cite the band as either orchestral pop or symphonic pop",
    "art rock"
  ],
  "Elton John": [
    "pop rock",
    "glam rock",
    "soft rock",
    "blues"
  ],
  "Elvis Costello": [
    "rock",
    "pop",
    "new wave",
    "power pop",
    "punk rock",
    "pub rockcarr",
    "roy pub rock nme 29 october 1977"
  ],
  "Elvis Presley": [
    "rock and roll",
    "pop",
    "rockabilly",
    "country",
    "gospel",
    "r",
    "b",
    "soul",
    "blues"
  ],
  "Emerson, Lake & Palmer": [
    "progressive rock",
    "art rock"
  ],
  "England Dan & John Ford Coley": [
    "pop rock",
    "soft rock",
    "country rock"
  ],
  "Eric Clapton": [
    "rock",
    "blues"
  ],
  "Europe (band)": [
    "arena rock",
    "hard rock",
    "glam metal",
    "blues rock",
    "heavy metal"
  ],
  "Evanescence": [
    "alternative metal",
    "gothic metal",
    "gothic rock",
    "hard rock",
    "industrial rock",
    "symphonic metal",
    "nu metal"
  ],
  "Everclear (band)": [
    "alternative rock",
    "power pop",
    "post-grunge",
    "pop rock",
    "grunge",
    "punk rock"
  ],
  "Everlast": [
    "hip hop",
    "folk rock",
    "blues"
  ],
  "Extreme (band)": [
    "hard rock",
    "funk metal",
    "glam metal"
  ],
  "Faces (band)": [
    "rock",
    "blues"
  ],
  "Faith No More": [
    "alternative metal",
    "funk metal",
    "alternative rock",
    "experimental rock"
  ],
  "Fall Out Boy": [
    "pop-punk",
    "pop rock",
    "emo",
    "alternative rock"
  ],
  "Fats Domino": [
    "new orleans r",
    "b",
    "rock and roll",
    "boogie-woogie",
    "blues"
  ],
  "Filter (band)": [
    "industrial rock",
    "post-grunge",
    "alternative rock",
    "hard rock",
    "industrial metal",
    "alternative metal"
  ],
  "Finger Eleven": [
    "alternative rock",
    "alternative metal",
    "post-grunge",
    "hard rock",
    "nu metal"
  ],
  "FireHouse": [
    "glam metal",
    "hard rock"
  ],
  "Five Finger Death Punch": [
    "groove metal",
    "alternative metal",
    "hard rock"
  ],
  "Five for Fighting": [
    "soft rock",
    "heartland rock",
    "alternative rock",
    "pop rock",
    "americana",
    "adult contemporary"
  ],
  "Fleetwood Mac": [
    "pop rock",
    "soft rock",
    "blues rock",
    "art pop"
  ],
  "Flogging Molly": [
    "celtic punk",
    "folk punk"
  ],
  "Florence and the Machine": [
    "indie rock",
    "indie pop",
    "chamber pop",
    "baroque pop",
    "art pop",
    "art rock",
    "neo soul",
    "folk"
  ],
  "Flyleaf (band)": [
    "alternative rock",
    "post-grunge",
    "hard rock",
    "alternative metal",
    "christian rock"
  ],
  "Foals (band)": [
    "indie rock",
    "alternative rock",
    "math rock",
    "art rock",
    "dance-punk"
  ],
  "Foo Fighters": [
    "alternative rock",
    "post-grunge",
    "hard rock"
  ],
  "Foreigner (band)": [
    "hard rock",
    "soft rock",
    "arena rock"
  ],
  "Foster the People": [
    "indie pop",
    "synth-pop",
    "dance-pop",
    "alternative rock",
    "indie rock",
    "neo-psychedelia"
  ],
  "Frank Zappa": [
    "rock",
    "progressive rock",
    "blues",
    "experimental",
    "jazz",
    "fusion",
    "classical",
    "pop",
    "avant-garde",
    "doo-wop",
    "comedy",
    "electronic",
    "musique concr te"
  ],
  "Franz Ferdinand (band)": [
    "indie rock",
    "post-punk revival",
    "dance-punk",
    "art rock",
    "art punk"
  ],
  "Fuel (band)": [
    "alternative rock",
    "hard rock",
    "post-grunge",
    "alternative metal"
  ],
  "Fun (band)": [
    "indie pop",
    "indie rock",
    "pop rock",
    "baroque pop"
  ],
  "Funkadelic": [
    "funk rock",
    "psychedelic funk",
    "acid rock",
    "psychedelic rock"
  ],
  "Garbage (band)": [
    "alternative rock",
    "electronic rock",
    "dance-rock",
    "trip hop",
    "industrial rock"
  ],
  "Gary Glitter": [
    "glam rock",
    "rock and roll",
    "pop rock",
    "hard rock",
    "disco"
  ],
  "Gene Vincent": [
    "rockabilly",
    "rock and roll",
    "country"
  ],
  "Genesis (band)": [
    "progressive rock",
    "art rock",
    "pop rock",
    "soft rock"
  ],
  "George Harrison": [
    "rock",
    "pop",
    "indian classical"
  ],
  "George Thorogood": [
    "blues rock",
    "hard rock",
    "boogie rock",
    "rock and roll"
  ],
  "Ghost (Swedish band)": [
    "hard rock",
    "heavy metal",
    "arena rock",
    "pop rock",
    "progressive rock"
  ],
  "Gin Blossoms": [
    "alternative rock",
    "jangle pop",
    "power pop",
    "post-grunge",
    "country rock"
  ],
  "Glenn Frey": [
    "rock",
    "pop rock",
    "soft rock",
    "country rock",
    "hard rock"
  ],
  "Godsmack": [
    "alternative metal",
    "hard rock",
    "post-grunge",
    "nu metal"
  ],
  "Golden Earring": [
    "hard rock",
    "blues rock",
    "jazz rock",
    "psychedelic rock",
    "garage rock"
  ],
  "Goo Goo Dolls": [
    "alternative rock",
    "pop rock",
    "post-grunge",
    "punk rock"
  ],
  "Good Charlotte": [
    "pop-punk",
    "alternative rock",
    "emo",
    "pop rock"
  ],
  "Grand Funk Railroad": [
    "hard rock arena rock"
  ],
  "Grateful Dead": [
    "rock"
  ],
  "Great White": [
    "hard rock",
    "glam metal"
  ],
  "Green Day": [
    "punk rock",
    "pop-punk",
    "alternative rock",
    "skate punk",
    "power pop"
  ],
  "Greta Van Fleet": [
    "hard rock",
    "blues rock",
    "progressive rock"
  ],
  "Guns N' Roses": [
    "hard rock",
    "heavy metal"
  ],
  "Halestorm": [
    "hard rock",
    "heavy metal",
    "alternative metal",
    "post-grunge",
    "alternative rock"
  ],
  "Hall & Oates": [
    "pop rock",
    "blue-eyed soul",
    "soft rock",
    "r",
    "b"
  ],
  "Harry Chapin": [
    "folk rock",
    "pop rock"
  ],
  "Harry Nilsson": [
    "rock",
    "pop"
  ],
  "Heart (band)": [
    "rock",
    "hard rock",
    "folk rock",
    "pop rock"
  ],
  "Herman's Hermits": [
    "beat",
    "pop rock",
    "bubblegumallmusic com biography retrieved 7 march 2011"
  ],
  "Highly Suspect": [
    "alternative rock",
    "hard rock",
    "blues rock",
    "grunge",
    "garage rock"
  ],
  "Hinder": [
    "post-grunge",
    "hard rock"
  ],
  "Hole (band)": [
    "alternative rock",
    "grunge",
    "punk rock",
    "noise rock",
    "power pop"
  ],
  "Hoobastank": [
    "alternative rock",
    "nu metal",
    "post-grunge",
    "funk metal",
    "ska punk"
  ],
  "Hootie & the Blowfish": [
    "pop rock",
    "alternative rock",
    "soft rock",
    "roots rock",
    "heartland rock",
    "jangle pop"
  ],
  "Huey Lewis and the News": [
    "rock",
    "new wave",
    "rhythm and blues",
    "doo-wop"
  ],
  "INXS": [
    "new wave",
    "pub rock",
    "dance-rock",
    "funk rock",
    "alternative rock"
  ],
  "Ian Dury": [
    "new wave",
    "punk rock",
    "post-punk",
    "funk",
    "disco",
    "pub rock"
  ],
  "Icehouse (band)": [
    "rock",
    "new wave",
    "synth-pop"
  ],
  "Iggy Pop": [
    "rock",
    "punk rock",
    "proto-punk",
    "hard rock",
    "garage rock"
  ],
  "Imagine Dragons": [
    "pop rock",
    "electropop",
    "pop",
    "arena rock",
    "alternative rock",
    "indie pop"
  ],
  "Incubus (band)": [
    "alternative rock",
    "alternative metal",
    "funk metal",
    "nu metal"
  ],
  "Interpol (band)": [
    "indie rock",
    "post-punk revival"
  ],
  "Iron Maiden": [
    "heavy metal"
  ],
  "Jack White": [
    "blues rock",
    "garage rock revival",
    "alternative rock",
    "punk blues",
    "folk",
    "country",
    "experimental rock"
  ],
  "Jackson Browne": [
    "rock",
    "folk rock",
    "soft rock",
    "pop rock",
    "country rock"
  ],
  "James Blunt": [
    "pop rock",
    "folk rock",
    "folk pop",
    "soft rock"
  ],
  "James Taylor": [
    "soft rock",
    "folk"
  ],
  "Jane's Addiction": [
    "alternative rock",
    "alternative metal",
    "funk metal",
    "psychedelic rock"
  ],
  "Janis Joplin": [
    "psychedelic rock",
    "blues rock",
    "soul",
    "blues"
  ],
  "Jeff Buckley": [
    "alternative rock",
    "folk-rock",
    "blues"
  ],
  "Jefferson Airplane": [
    "psychedelic rock",
    "acid rock",
    "folk rock"
  ],
  "Jefferson Starship": [
    "rock",
    "hard rock",
    "psychedelic rock",
    "progressive rock",
    "soft rock"
  ],
  "Jerry Lee Lewis": [
    "rock and roll",
    "rockabilly",
    "country",
    "gospel",
    "honky-tonk",
    "blues",
    "boogie-woogie"
  ],
  "Jet (Australian band)": [
    "garage rock",
    "hard rock",
    "alternative rock",
    "indie rock"
  ],
  "Jethro Tull (band)": [
    "progressive rock",
    "folk rock",
    "hard rock",
    "blues rock"
  ],
  "Jim Croce": [
    "folk",
    "soft rock"
  ],
  "Jimi Hendrix": [
    "rock",
    "psychedelia",
    "blues",
    "r",
    "b"
  ],
  "Jimmy Eat World": [
    "alternative rock",
    "emo",
    "pop-punk",
    "punk rock",
    "power pop",
    "pop rock"
  ],
  "Joan Jett": [
    "rock",
    "hard rock",
    "punk rock"
  ],
  "Joe Cocker": [
    "rock",
    "blues",
    "blue-eyed soul",
    "pop"
  ],
  "Joe Satriani": [
    "instrumental rock",
    "hard rock",
    "blues rock"
  ],
  "Joe Walsh": [
    "hard rock",
    "blues rock",
    "pop rock",
    "progressive rock",
    "country rock"
  ],
  "John Fogerty": [
    "roots rock",
    "rock and roll",
    "country rock",
    "heartland rock",
    "blues rock",
    "swamp rock",
    "americana",
    "southern rock"
  ],
  "John Lennon": [
    "rock",
    "pop",
    "experimental"
  ],
  "John Mayall": [
    "british blues",
    "blues rock",
    "jazz rock"
  ],
  "John Mayall & the Bluesbreakers": [
    "british blues",
    "blues rock"
  ],
  "John Mayer": [
    "rock",
    "pop",
    "blues"
  ],
  "John Mellencamp": [
    "heartland rock",
    "roots rock",
    "folk rock"
  ],
  "Journey (band)": [
    "arena rock",
    "hard rock",
    "soft rock",
    "progressive rock",
    "jazz rock"
  ],
  "Joy Division": [
    "post-punk",
    "new wave",
    "gothic rock"
  ],
  "Judas Priest": [
    "heavy metal"
  ],
  "Kaiser Chiefs": [
    "indie rock",
    "pop rock",
    "post-punk revival",
    "art punk",
    "power pop",
    "pop punk",
    "alternative rock"
  ],
  "Kaleo (band)": [
    "blues rock",
    "indie folk",
    "alternative rock"
  ],
  "Kansas (band)": [
    "progressive rock",
    "art rock",
    "hard rock",
    "arena rock"
  ],
  "Keane (band)": [
    "alternative rock",
    "rock piano-driven rock quartet mainstream rock",
    "post-britpopandy bennett",
    "jon stratton",
    "britpop",
    "the english music tradition",
    "ashgate publishing",
    "p 164",
    "soft rock"
  ],
  "Kenny Loggins": [
    "rock",
    "pop",
    "folk rock",
    "r",
    "b",
    "soul",
    "soft rockjohnstone",
    "andrew february 6",
    "2015 rip it up"
  ],
  "Kid Rock": [
    "rock",
    "hip-hop",
    "country",
    "heavy metal"
  ],
  "Killswitch Engage": [
    "melodic metalcore"
  ],
  "Kings of Leon": [
    "alternative rock",
    "southern rock",
    "indie rock",
    "garage rock revival"
  ],
  "Kiss (band)": [
    "hard rock",
    "heavy metal",
    "shock rock",
    "glam rock"
  ],
  "Korn": [
    "nu metal",
    "alternative metal"
  ],
  "Lacuna Coil": [
    "gothic metal",
    "alternative metal"
  ],
  "Lamb of God (band)": [
    "groove metal",
    "metalcore",
    "thrash metal",
    "death metal"
  ],
  "Led Zeppelin": [
    "nowraplinks",
    "hard rock",
    "blues rock",
    "folk rock",
    "heavy metal"
  ],
  "Lenny Kravitz": [
    "rock",
    "funk",
    "soul"
  ],
  "Lifehouse (band)": [
    "alternative rock",
    "post-grunge",
    "pop rock"
  ],
  "Limp Bizkit": [
    "nu metal",
    "rap rock",
    "rap metal"
  ],
  "Linda Ronstadt": [
    "country",
    "rock",
    "pop"
  ],
  "Linkin Park": [
    "alternative rock",
    "nu metal",
    "rap rock",
    "alternative metal",
    "electronic rock",
    "pop rock"
  ],
  "Little Richard": [
    "rock and roll",
    "rhythm and blues",
    "gospel",
    "soul"
  ],
  "Little River Band": [
    "rock",
    "aor",
    "pop rock",
    "soft rock"
  ],
  "Live (band)": [
    "alternative rock",
    "post-grunge",
    "hard rock"
  ],
  "Living Colour": [
    "hard rockthe following sources refer to living colour as hard rock",
    "funk metalthe following sources refer to living colour as funk metal",
    "alternative metalthe following sources refer to living colour as alternative metal"
  ],
  "Lou Reed": [
    "rock",
    "art rock",
    "proto-punk",
    "glam rock"
  ],
  "Loverboy": [
    "arena rock",
    "hard rock",
    "pop rock",
    "new wave"
  ],
  "Lynyrd Skynyrd": [
    "southern rock",
    "blues rock",
    "country rock",
    "hard rock"
  ],
  "Manfred Mann": [
    "blues rock",
    "r",
    "b",
    "pop",
    "beat",
    "psychedelia"
  ],
  "Manfred Mann (musician)": [
    "beat",
    "blues rock",
    "r",
    "b",
    "psychedelia",
    "jazz rock",
    "progressive rock",
    "hard rock"
  ],
  "Manfred Mann Chapter Three": [
    "jazz rock"
  ],
  "Manfred Mann's Earth Band": [
    "progressive rock",
    "hard rock",
    "jazz rock"
  ],
  "Marilyn Manson": [
    "industrial rock",
    "industrial metal",
    "gothic rock",
    "alternative metal",
    "shock rock"
  ],
  "Marilyn Manson (band)": [
    "industrial rock",
    "industrial metal",
    "gothic rock",
    "alternative metal",
    "shock rock"
  ],
  "Matchbox Twenty": [
    "alternative rock",
    "post-grunge",
    "pop rock"
  ],
  "Meat Loaf": [
    "rock",
    "hard rock"
  ],
  "Megadeth": [
    "thrash metal",
    "speed metal",
    "heavy metal"
  ],
  "Melissa Etheridge": [
    "heartland rock",
    "roots rock",
    "folk rock",
    "blues rock",
    "country rock"
  ],
  "Men at Work": [
    "new wave",
    "pop rock",
    "reggae rock"
  ],
  "Metallica": [
    "heavy metal",
    "thrash metal",
    "speed metal",
    "hard rock"
  ],
  "Michael Martin Murphey": [
    "progressive country",
    "western",
    "cowboy music",
    "bluegrass"
  ],
  "Midnight Oil": [
    "alternative rock",
    "hard rock",
    "post-punk",
    "new wavemerline",
    "michael spectrum culture"
  ],
  "Mike and the Mechanics": [
    "rock",
    "pop rock"
  ],
  "Mitch Ryder": [
    "rock and roll",
    "rhythm and blues",
    "blue-eyed soul",
    "frat rock",
    "hard rock"
  ],
  "Modest Mouse": [
    "indie rock",
    "alternative rock",
    "post punk revival",
    "punk rock",
    "emo"
  ],
  "Montgomery Gentry": [
    "country",
    "southern rock",
    "country rock"
  ],
  "Morrissey": [
    "alternative rock",
    "indie pop",
    "indie rock",
    "jangle pop"
  ],
  "Motörhead": [
    "heavy metal",
    "hard rock",
    "speed metal"
  ],
  "Mudvayne": [
    "alternative metal",
    "nu metal",
    "progressive metal",
    "hard rock"
  ],
  "Mumford & Sons": [
    "folk rock",
    "alternative rock",
    "indie folk",
    "americana",
    "country",
    "bluegrass"
  ],
  "Muse (band)": [
    "alternative rock",
    "progressive rock",
    "space rock",
    "hard rock",
    "art rock",
    "electronic rock"
  ],
  "My Chemical Romance": [
    "alternative rock",
    "emo",
    "pop-punk",
    "post-hardcore",
    "punk rock",
    "hard rock"
  ],
  "Mötley Crüe": [
    "heavy metal",
    "glam metal",
    "hard rock"
  ],
  "Neil Young": [
    "rock",
    "folk rock",
    "country rock"
  ],
  "New York Dolls": [
    "hard rock",
    "proto-punk",
    "glam rock",
    "glam punk"
  ],
  "Nickelback": [
    "post-grunge",
    "hard rock",
    "alternative rock",
    "alternative metal",
    "pop rock"
  ],
  "Nine Inch Nails": [
    "industrial rock",
    "industrial",
    "alternative rock",
    "electronic rock",
    "industrial metal",
    "ambient"
  ],
  "Nirvana (band)": [
    "grunge",
    "alternative rock",
    "punk rock"
  ],
  "No Doubt": [
    "ska punk",
    "pop rock",
    "new wave",
    "alternative rock",
    "pop-punk",
    "reggae"
  ],
  "Oasis (band)": [
    "rock",
    "britpop"
  ],
  "Our Lady Peace": [
    "alternative rock",
    "post-grunge"
  ],
  "Ozzy Osbourne": [
    "heavy metal",
    "hard rock"
  ],
  "P.O.D.": [
    "nu metal",
    "rap rock",
    "alternative metal",
    "hardcore punk"
  ],
  "Panic! at the Disco": [
    "pop rock",
    "baroque pop",
    "electropop",
    "alternative rock",
    "emo",
    "pop-punk"
  ],
  "Pantera": [
    "groove metal",
    "thrash metal",
    "glam metal"
  ],
  "Papa Roach": [
    "alternative rock",
    "nu metal",
    "alternative metal",
    "rap metal",
    "hard rock"
  ],
  "Paramore": [
    "pop-punk",
    "emo",
    "pop rock",
    "alternative rock",
    "power pop",
    "new wave"
  ],
  "Parliament (band)": [
    "funk",
    "r",
    "b",
    "psychedelic soul"
  ],
  "Parliament-Funkadelic": [
    "funk",
    "psychedelic funk",
    "funk rock",
    "acid rock",
    "progressive soul"
  ],
  "Pat Benatar": [
    "rock",
    "hard rock",
    "pop rock"
  ],
  "Paul McCartney": [
    "rock",
    "pop",
    "classical",
    "electronic"
  ],
  "Paul McCartney and Wings": [
    "soft rockthe following sources cite the band as soft rock"
  ],
  "Pearl Jam": [
    "alternative rock",
    "grunge",
    "hard rock"
  ],
  "Peter Frampton": [
    "rock"
  ],
  "Peter Gabriel": [
    "progressive rock",
    "art rock",
    "worldbeat",
    "progressive soul"
  ],
  "Phil Collins": [
    "pop",
    "soft rock",
    "progressive rock",
    "art rock"
  ],
  "Pink Floyd": [
    "progressive rock",
    "art rock",
    "psychedelic rock",
    "space rock",
    "experimental rock"
  ],
  "Pixies (band)": [
    "alternative rock",
    "indie rock",
    "noise pop",
    "punk rock",
    "surf rock"
  ],
  "Poison (American band)": [
    "glam metal",
    "hard rock",
    "heavy metal"
  ],
  "Pop Evil": [
    "hard rock",
    "alternative metal",
    "post-grunge"
  ],
  "Primus (band)": [
    "alternative metal",
    "funk metal",
    "experimental rock",
    "progressive rock"
  ],
  "Puddle of Mudd": [
    "post-grunge",
    "hard rock",
    "alternative rock"
  ],
  "Queen (band)": [
    "rock",
    "pop"
  ],
  "Queens of the Stone Age": [
    "alternative rock",
    "stoner rock",
    "desert rock",
    "hard rock",
    "alternative metal"
  ],
  "Queensrÿche": [
    "progressive metal",
    "heavy metal"
  ],
  "Quiet Riot": [
    "heavy metal",
    "hard rock",
    "glam metal"
  ],
  "R.E.M.": [
    "alternative rock",
    "jangle pop",
    "folk rock",
    "college rock",
    "post-punk"
  ],
  "REO Speedwagon": [
    "arena rock",
    "pop rock",
    "hard rock",
    "aor",
    "blues rock"
  ],
  "Radiohead": [
    "art rock",
    "alternative rock",
    "electronica",
    "experimental rock"
  ],
  "Rage Against the Machine": [
    "rap metal",
    "rap rock",
    "funk metal",
    "alternative metal"
  ],
  "Rainbow (rock band)": [
    "hard rock",
    "heavy metal"
  ],
  "Rammstein": [
    "industrial metal"
  ],
  "Ramones": [
    "punk rock",
    "pop-punk"
  ],
  "Ratt": [
    "glam metal",
    "heavy metal",
    "hard rock"
  ],
  "Red Hot Chili Peppers": [
    "funk rock",
    "alternative rock",
    "rap rock",
    "funk metal"
  ],
  "Ringo Starr": [
    "rock",
    "pop"
  ],
  "Rise Against": [
    "punk rock",
    "melodic hardcore"
  ],
  "Ritchie Valens": [
    "rock and roll",
    "chicano rock"
  ],
  "Rob Zombie": [
    "industrial metal",
    "shock rock",
    "groove metal",
    "alternative metal",
    "hard rock",
    "nu metal"
  ],
  "Robert Plant": [
    "rock",
    "blues",
    "folk",
    "country",
    "hard rock",
    "heavy metal"
  ],
  "Rod Stewart": [
    "rock",
    "pop",
    "blue-eyed soul",
    "blues rock",
    "folk rock",
    "soft rock",
    "disco",
    "traditional pop"
  ],
  "Roxy Music": [
    "art rock",
    "glam rock",
    "pop rock",
    "sophisti-pop"
  ],
  "Roy Orbison": [
    "rock",
    "pop",
    "country",
    "rock and roll",
    "rockabilly"
  ],
  "Royal Blood (band)": [
    "hard rock",
    "blues rock",
    "garage rock",
    "stoner rock",
    "alternative rock"
  ],
  "Run-DMC": [
    "east coast hip-hop",
    "rap rock"
  ],
  "Rush (band)": [
    "progressive rock",
    "hard rock",
    "heavy metal"
  ],
  "Saliva (band)": [
    "nu metal",
    "post-grunge",
    "alternative metal",
    "rap metal",
    "hard rock"
  ],
  "Sam Fender": [
    "rock",
    "indie rock",
    "pop rock",
    "heartland rock"
  ],
  "Santana (band)": [
    "latin rock",
    "blues rock",
    "psychedelic rock",
    "acid rock",
    "chicano rock",
    "jazz fusion",
    "yacht rock"
  ],
  "Saving Abel": [
    "rock",
    "hard rock",
    "post-grunge",
    "southern rock"
  ],
  "Scorpions (band)": [
    "hard rock",
    "heavy metal"
  ],
  "Seether": [
    "post-grunge",
    "hard rock",
    "alternative metal",
    "alternative rock",
    "nu metal"
  ],
  "Sepultura": [
    "groove metal",
    "thrash metal",
    "death metal",
    "alternative metal"
  ],
  "Sex Pistols": [
    "punk rock"
  ],
  "Shakin' Stevens": [
    "rockabilly",
    "rock and roll"
  ],
  "Sheryl Crow": [
    "country rock",
    "pop",
    "folk",
    "blues",
    "heartland rock"
  ],
  "Shinedown": [
    "hard rock",
    "alternative metal",
    "post-grunge",
    "alternative rock",
    "pop rock"
  ],
  "Silverchair": [
    "alternative rock",
    "grunge",
    "art rock",
    "post-grunge"
  ],
  "Simon & Garfunkel": [
    "folk rock"
  ],
  "Simple Minds": [
    "post-punk",
    "art rock",
    "arena rock",
    "synth-pop"
  ],
  "Simple Plan": [
    "pop-punk",
    "alternative rock",
    "pop rock",
    "power pop",
    "emo"
  ],
  "Sixto Rodriguez": [
    "folk rock",
    "psychedelic folk",
    "psychedelic rock"
  ],
  "Skid Row (American band)": [
    "heavy metal",
    "hard rock",
    "glam metal"
  ],
  "Skillet (band)": [
    "christian rock",
    "hard rock",
    "alternative rock",
    "alternative metal",
    "post-grunge",
    "nu metal"
  ],
  "Slade": [
    "glam rock hard rock"
  ],
  "Slayer": [
    "thrash metal"
  ],
  "Slipknot (band)": [
    "nu metal",
    "alternative metal",
    "groove metal"
  ],
  "Sly and the Family Stone": [
    "psychedelic soul",
    "funk",
    "rock",
    "progressive soul"
  ],
  "Small Faces": [
    "rock",
    "r",
    "b",
    "beatsmall faces allmusic retrieved 26 march 2024",
    "pop",
    "psychedelia",
    "proto-punk",
    "progressive pop"
  ],
  "Smash Mouth": [
    "alternative rock",
    "power pop",
    "pop rock",
    "ska punk"
  ],
  "Smokie (band)": [
    "pop rock",
    "soft rock",
    "glam rock"
  ],
  "Snow Patrol": [
    "alternative rock",
    "power pop",
    "post-britpop",
    "indie rock"
  ],
  "Social Distortion": [
    "punk rock",
    "cowpunk",
    "rock and roll",
    "hardcore punk"
  ],
  "Sonic Youth": [
    "noise rock",
    "alternative rock",
    "experimental rock",
    "indie rock",
    "post-punk",
    "no wave"
  ],
  "Soundgarden": [
    "grunge",
    "heavy metal",
    "alternative metal",
    "alternative rock"
  ],
  "Staind": [
    "alternative metal",
    "post-grunge",
    "nu metal",
    "hard rock"
  ],
  "Starset": [
    "alternative rock",
    "electronic rock",
    "hard rock",
    "alternative metal",
    "progressive rock"
  ],
  "Starship (band)": [
    "rock",
    "arena rock",
    "pop rock"
  ],
  "Status Quo (band)": [
    "rock",
    "boogie rock",
    "hard rock",
    "psychedelia"
  ],
  "Steely Dan": [
    "jazz rock",
    "yacht rock",
    "soft rock",
    "pop",
    "jazz fusion"
  ],
  "Steppenwolf (band)": [
    "psychedelic rock",
    "blues rock",
    "acid rock",
    "hard rock",
    "heavy metal",
    "garage rock"
  ],
  "Steve Miller Band": [
    "blues rock",
    "psychedelic rock",
    "pop rock"
  ],
  "Steve Vai": [
    "instrumental rock",
    "hard rock",
    "heavy metal",
    "progressive metal"
  ],
  "Steve Winwood": [
    "blue-eyed soul",
    "r",
    "b",
    "rock",
    "pop"
  ],
  "Stevie Nicks": [
    "rock",
    "pop",
    "folk"
  ],
  "Stevie Ray Vaughan": [
    "texas blues",
    "blues rock",
    "electric blues",
    "rock and roll"
  ],
  "Sting (musician)": [
    "pop",
    "new wave",
    "post-punk",
    "soft rock"
  ],
  "Stone Sour": [
    "alternative metal",
    "hard rock",
    "post-grunge",
    "alternative rock"
  ],
  "Stone Temple Pilots": [
    "alternative rock",
    "grunge",
    "hard rock",
    "alternative metal",
    "psychedelic rock"
  ],
  "Styx (band)": [
    "progressive rock",
    "art rock",
    "hard rock",
    "arena rock",
    "pop rock"
  ],
  "Sublime (band)": [
    "ska punk",
    "reggae rock"
  ],
  "Sublime with Rome": [
    "reggae rock",
    "alternative rock",
    "hip hop",
    "dub",
    "ska punk",
    "punk rock"
  ],
  "Sum 41": [
    "pop-punk",
    "skate punk",
    "punk rock",
    "alternative metal",
    "melodic hardcore",
    "alternative rock"
  ],
  "Supertramp": [
    "progressive pop",
    "progressive rock",
    "soft rock",
    "pop"
  ],
  "Survivor (band)": [
    "rock",
    "arena rock",
    "hard rock"
  ],
  "System of a Down": [
    "alternative metal",
    "nu metal",
    "hard rock",
    "progressive metal"
  ],
  "T. Rex (band)": [
    "glam rock",
    "pop",
    "psychedelic folk"
  ],
  "Talking Heads": [
    "new wave",
    "post-punk",
    "avant-funk",
    "art pop",
    "worldbeat"
  ],
  "Ted Nugent": [
    "hard rock"
  ],
  "Ten Years After": [
    "blues rock"
  ],
  "Tenacious D": [
    "comedy rock",
    "acoustic rock",
    "hard rock",
    "heavy metal"
  ],
  "Tesla (band)": [
    "hard rock",
    "blues rock",
    "glam metal"
  ],
  "The Alan Parsons Project": [
    "progressive rock",
    "art rock",
    "progressive pop",
    "soft rock"
  ],
  "The All-American Rejects": [
    "pop-punk",
    "power pop",
    "alternative rock",
    "pop rock",
    "emo pop"
  ],
  "The Allman Brothers Band": [
    "southern rock",
    "blues rock",
    "jazz rock",
    "jam band"
  ],
  "The Animals": [
    "blues rock",
    "r",
    "b",
    "psychedelic rock",
    "progressive rock",
    "rock and roll"
  ],
  "The B-52's": [
    "new wave",
    "dance-rock",
    "post-punk",
    "art pop"
  ],
  "The Band": [
    "roots rock",
    "americana",
    "folk rock",
    "country rock"
  ],
  "The Bangles": [
    "pop rock",
    "power pop",
    "new wave",
    "paisley underground"
  ],
  "The Beach Boys": [
    "rock",
    "pop",
    "surf",
    "psychedelia"
  ],
  "The Beatles": [
    "rock",
    "pop",
    "beat",
    "psychedelia"
  ],
  "The Big Bopper": [
    "rock and roll",
    "rockabilly",
    "country"
  ],
  "The Black Crowes": [
    "southern rock",
    "blues rock",
    "hard rock",
    "roots rock",
    "jam band"
  ],
  "The Black Keys": [
    "garage rock",
    "blues rock",
    "punk blues",
    "indie rock"
  ],
  "The Boxtones": [
    "rock"
  ],
  "The Byrds": [
    "rock",
    "pop",
    "folk rock",
    "psychedelia",
    "raga rock",
    "country rock",
    "jangle pop"
  ],
  "The Cab": [
    "alternative rock",
    "pop punk",
    "pop rock",
    "power pop",
    "emo pop",
    "pop"
  ],
  "The Cardigans": [
    "alternative rock",
    "pop rock",
    "indie rock",
    "indie pop"
  ],
  "The Cars": [
    "new wave",
    "pop rock",
    "power pop"
  ],
  "The Clash": [
    "punk rock",
    "new wave",
    "post-punk",
    "reggae",
    "experimental rock"
  ],
  "The Cranberries": [
    "alternative rock",
    "indie rock",
    "pop rock",
    "jangle pop",
    "post-punk",
    "dream pop"
  ],
  "The Cult": [
    "hard rock",
    "gothic rock",
    "alternative rock",
    "heavy metal",
    "post-punk"
  ],
  "The Cure": [
    "gothic rock",
    "post-punk",
    "alternative rock",
    "new wave"
  ],
  "The Dave Clark Five": [
    "rock and roll",
    "beat",
    "pop"
  ],
  "The Doobie Brothers": [
    "rock",
    "soft rock",
    "pop",
    "blue-eyed soul"
  ],
  "The Doors": [
    "psychedelic rock",
    "blues rock",
    "acid rock"
  ],
  "The Everly Brothers": [
    "rock and roll",
    "rockabilly",
    "country rock",
    "country"
  ],
  "The Fixx": [
    "new wave",
    "pop rock",
    "art rock",
    "dance-rock"
  ],
  "The Flaming Lips": [
    "neo-psychedelia",
    "experimental rock",
    "alternative rock",
    "indie rock",
    "psychedelic rock"
  ],
  "The Four Seasons (band)": [
    "pop rock",
    "pop",
    "soulthe following sources cite the four seasons as either white soul",
    "blue-eyed soul",
    "pop-soul",
    "or northern soul",
    "doo-wop",
    "rock and roll"
  ],
  "The Fray": [
    "alternative rock",
    "pop rock",
    "soft rock",
    "christian rock"
  ],
  "The Go-Go's": [
    "new wave",
    "pop rock",
    "power pop",
    "post-punk",
    "punk rock"
  ],
  "The Guess Who": [
    "hard rock",
    "psychedelic rock",
    "blues rock",
    "garage rock"
  ],
  "The Hives": [
    "garage rock revival",
    "garage punk"
  ],
  "The Hollies": [
    "rock",
    "pop"
  ],
  "The J. Geils Band": [
    "rock",
    "blues rock",
    "new wave"
  ],
  "The Jam": [
    "mod revival",
    "new wave",
    "punk rock",
    "power pop"
  ],
  "The Jesus and Mary Chain": [
    "alternative rock",
    "indie rock",
    "noise pop",
    "post-punk",
    "shoegaze"
  ],
  "The Killers": [
    "alternative rock",
    "indie rock",
    "post-punk revival",
    "new wave",
    "heartland rock",
    "pop rock"
  ],
  "The Kinks": [
    "rock",
    "pop"
  ],
  "The Lovin' Spoonful": [
    "folk rock",
    "pop",
    "rock"
  ],
  "The Lumineers": [
    "indie folk",
    "folk rock",
    "americana"
  ],
  "The Mamas & the Papas": [
    "folk rock",
    "sunshine pop"
  ],
  "The Marshall Tucker Band": [
    "southern rock",
    "country rock",
    "progressive country",
    "blues rock",
    "jazz rock"
  ],
  "The Monkees": [
    "pop rock",
    "rock",
    "bubblegum",
    "psychedelia"
  ],
  "The Moody Blues": [
    "progressive rock",
    "art rock",
    "psychedelic rock",
    "pop rock"
  ],
  "The Mothers of Invention": [
    "jazz rock",
    "experimental rock",
    "progressive rock",
    "comedy rock",
    "blues rock",
    "avant-garde",
    "doo-wop",
    "art rock"
  ],
  "The Offspring": [
    "punk rock",
    "skate punk",
    "pop-punk",
    "alternative rock"
  ],
  "The Outfield": [
    "pop rock",
    "power pop",
    "new wave"
  ],
  "The Police": [
    "new wave",
    "reggae rock",
    "post-punk",
    "pop rock"
  ],
  "The Presidents of the United States of America (band)": [
    "alternative rock",
    "pop-punk",
    "post-grunge"
  ],
  "The Pretenders": [
    "rock",
    "pop rock",
    "new wave",
    "alternative rock"
  ],
  "The Pretty Reckless": [
    "hard rock",
    "alternative rock",
    "post-grunge",
    "blues rock"
  ],
  "The Rolling Stones": [
    "rock",
    "pop",
    "blues"
  ],
  "The Script": [
    "pop rock",
    "soft rock",
    "indie rock"
  ],
  "The Smashing Pumpkins": [
    "alternative rock"
  ],
  "The Smiths": [
    "indie pop",
    "indie rock",
    "jangle pop",
    "alternative rock"
  ],
  "The Stone Roses": [
    "madchester",
    "indie rock",
    "alternative rock",
    "dance-rock",
    "neo-psychedelia"
  ],
  "The Strokes": [
    "indie rock",
    "garage rock revival",
    "post-punk revival",
    "new wave",
    "synth-pop"
  ],
  "The Sweet": [
    "glam rock",
    "hard rock",
    "power pop",
    "bubblegum"
  ],
  "The Tragically Hip": [
    "alternative rock",
    "roots rock",
    "folk rock"
  ],
  "The Used": [
    "emo",
    "screamo",
    "post-hardcore",
    "pop-punk",
    "punk rock",
    "alternative rock"
  ],
  "The Velvet Underground": [
    "art rock",
    "proto-punk",
    "experimental rock"
  ],
  "The Verve": [
    "neo-psychedelia",
    "alternative rock",
    "britpop",
    "shoegaze"
  ],
  "The White Stripes": [
    "garage rock",
    "blues rock",
    "alternative rock",
    "punk blues",
    "indie rock"
  ],
  "The Who": [
    "rock",
    "hard rock",
    "power pop",
    "proto-punk"
  ],
  "The Yardbirds": [
    "blues rockthe following sources refer to the yardbirds as blues rock",
    "psychedelic rockthe following sources refer to the yardbirds as psychedelic rock",
    "r",
    "bthe following sources refer to the yardbirds as rhythm",
    "blues"
  ],
  "The Zombies": [
    "rock",
    "beat",
    "baroque pop",
    "psychedelic pop",
    "r",
    "byeah yeah yeah",
    "the story of modern pop",
    "by bob stanley",
    "2013",
    "proto-prog"
  ],
  "Theory of a Deadman": [
    "post-grunge",
    "hard rock",
    "alternative rock",
    "alternative metal",
    "pop rock"
  ],
  "Thin Lizzy": [
    "hard rock",
    "blues rock",
    "heavy metal",
    "folk rock"
  ],
  "Third Eye Blind": [
    "alternative rock",
    "pop rock",
    "post-grunge",
    "power pop",
    "pop punk"
  ],
  "Thirty Seconds to Mars": [
    "alternative rock"
  ],
  "Thousand Foot Krutch": [
    "christian rock",
    "christian metal",
    "heavy metal",
    "hard rock",
    "alternative rock",
    "nu metal",
    "rap metal"
  ],
  "Three Days Grace": [
    "post-grunge",
    "hard rock",
    "alternative rock",
    "alternative metal",
    "nu metal"
  ],
  "Three Dog Night": [
    "pop rock",
    "soft rock",
    "roots rock",
    "funk rock",
    "blue-eyed soul"
  ],
  "Tom Petty": [
    "rock",
    "heartland rock",
    "roots rock",
    "country rock",
    "southern rock"
  ],
  "Tom Petty and the Heartbreakers": [
    "rock",
    "heartland rock",
    "southern rock"
  ],
  "Tommy James and the Shondells": [
    "rock",
    "bubblegum",
    "psychedelic"
  ],
  "Tool (band)": [
    "alternative metal",
    "art rock",
    "post-metal",
    "progressive metal",
    "progressive rock"
  ],
  "Toto (band)": [
    "arena rock",
    "pop rock",
    "hard rock",
    "jazz fusion",
    "progressive rock"
  ],
  "Tracy Chapman": [
    "folk",
    "blues rock",
    "pop",
    "soul"
  ],
  "Traffic (band)": [
    "progressive rock",
    "psychedelic rock",
    "jazz rock",
    "folk rock",
    "psychedelic pop"
  ],
  "Train (band)": [
    "rock",
    "alternative rock",
    "pop rock",
    "roots rock"
  ],
  "Traveling Wilburys": [
    "rock"
  ],
  "Travis (band)": [
    "post-britpop",
    "pop rock",
    "alternative rock"
  ],
  "Trivium (band)": [
    "heavy metal",
    "thrash metal",
    "metalcore",
    "progressive metal"
  ],
  "Twenty One Pilots": [
    "alternative rock",
    "electropop",
    "alternative hip-hop",
    "pop rap",
    "indie pop",
    "pop rock"
  ],
  "Twisted Sister": [
    "heavy metal",
    "glam metal",
    "hard rock",
    "shock rock"
  ],
  "U2": [
    "rock",
    "alternative rock",
    "pop rock",
    "post-punk"
  ],
  "UB40": [
    "reggae",
    "dub"
  ],
  "Uriah Heep (band)": [
    "hard rock",
    "progressive rock",
    "heavy metal"
  ],
  "Vampire Weekend": [
    "indie rock",
    "indie pop",
    "art pop",
    "baroque pop",
    "worldbeat"
  ],
  "Van Halen": [
    "hard rock",
    "heavy metal",
    "pop rock",
    "arena rock",
    "glam metal"
  ],
  "Van Morrison": [
    "blue-eyed soul",
    "celtic",
    "rock",
    "r",
    "b",
    "folk",
    "blues",
    "jazz",
    "country",
    "gospel",
    "christian"
  ],
  "Van Zant (band)": [
    "southern rock",
    "country",
    "arena rock",
    "ccm"
  ],
  "Velvet Revolver": [
    "hard rock",
    "alternative metal"
  ],
  "Volbeat": [
    "heavy metal",
    "hard rock",
    "rockabilly",
    "psychobilly",
    "groove metal",
    "rock and roll"
  ],
  "W.A.S.P. (band)": [
    "heavy metal",
    "glam metal",
    "shock rock"
  ],
  "Warrant (American band)": [
    "glam metal",
    "hard rock",
    "heavy metal"
  ],
  "Weezer": [
    "alternative rock",
    "power pop",
    "pop rock",
    "geek rock",
    "pop-punk",
    "emo"
  ],
  "White Zombie (band)": [
    "groove metal",
    "industrial metal",
    "alternative metal",
    "noise rock"
  ],
  "Whitesnake": [
    "hard rock",
    "blues rock",
    "glam metal"
  ],
  "X (American band)": [
    "punk rock",
    "alternative rock"
  ],
  "X Ambassadors": [
    "alternative rock",
    "indie rock",
    "indie pop",
    "pop rock",
    "alternative pop"
  ],
  "Yes (band)": [
    "progressive rock",
    "art rock",
    "symphonic rock",
    "pop rock"
  ],
  "ZZ Top": [
    "blues rock",
    "hard rock",
    "boogie rock",
    "southern rock"
  ]
}